ID,English,Chinese,German,Arabic
20000,Tower Settlement,“塔之镇”贝瑞特,Belurat,ﺑﻳﻠﻭرات، ﻣﺳﺗﻭﻁﻧﺔ اﻟﺑﺭج
20010,Enir-Ilim,艾尼尔·伊利姆,Enir-Ilim,إﻧﻳﺭ إﻳﻠﻳﻡ
21000,Shadow Keep,幽影城,Schattenbergfried,ﺣﺻﻥ اﻟﻅﻝ
21001,Church District,幽影城（教區）,Schattenbergfried,ﺣﺻﻥ اﻟﻅﻝ، ﺣﻲ اﻟﻛﻧﻳﺳﺔ
21010,Specimen Storehouse,物种保藏库,Probenlager,ﻣﺧﺯن اﻟﻌﻳﻧﺎت
22000,Stone Coffin Fissure,石棺大洞,Riss im Steinsarg,ﺻﺩع اﻟﺗﺎﺑﻭت اﻟﺣﺟﺭي
28000,Midra's Manse,米德拉府邸,Midras Pfarrhaus,ﻗﺻﺭ ﻣﺩرا
40000,Fog Rift Catacombs,雾谷地下墓地,Nebelriss-Katakomben,ﺳﺭادﻳﺏ ﺻﺩع اﻟﺿﺑﺎب
40010,Scorpion River Catacombs,蝎河地下墓地,Katakomben am Skorpionsfluss,ﺳﺭادﻳﺏ ﻧﻬﺭ اﻟﻌﻘﺭب
40020,Darklight Catacombs,驱暗地下墓地,Dunkellichtkatakomben,ﺳﺭادﻳﺏ اﻟﻧﻭر اﻟﻣﻅﻠﻡ
41000,Belurat Gaol,贝瑞特监牢,Kerker von Belurat,ﺳﺟﻥ ﺑﻳﻠﻭرات
41010,Bonny Gaol,波尼监牢,Kerker von Bonny,ﺳﺟﻥ ﺑﻭﻧﻲ
41020,Lamenter's Gaol,喟叹监牢,Kerker des Klägers,ﺳﺟﻥ ﻻﻣﻳﻧﺗﺭ
42000,Ruined Forge Lava Intake,,Lavazulauf der ruinierten Schmiede,ﻣﺩﺧﻝ اﻟﺣﻣﻡ ﻷﻧﻘﺎض اﻟﻣﺻﻬﺭ
42020,Ruined Forge of Starfall Past,古铁陨石锻造遗迹,Ruinierte Sternfallschmiede,أﻧﻘﺎض اﻟﻣﺻﻬﺭ ﻟﻣﺎﺿﻲ اﻟﻧﻳﺯك
42030,Taylew's Ruined Forge,泰乌尔锻造遗迹,Ruinierte Schmiede von Taylew,أﻧﻘﺎض ﻣﺻﻬﺭ ﺗﺎﻳﻠﻭ
43000,Rivermouth Cave,河尾洞窟,Höhle an der Flussmündung,ﻛﻬﻑ ﻣﺻﺏ اﻟﻧﻬﺭ
43010,Dragon's Pit,龙洞,Drachengrube,ﺣﻔﺭة اﻟﺗﻧﻳﻥ
68000,Gravesite Plain,墓地平原,Grabfeld-Ebene,ﺳﻬﻝ اﻟﻣﻘﺑﺭة
68200,Castle Ensis,恩希斯城,Schloss Ensis,ﻗﻠﻌﺔ إﻧﺳﻳﺱ
68300,Cerulean Coast,青蓝海岸,Himmelblaues Ufer,اﻟﺳﺎﺣﻝ اﻟﻼزوردي
68400,Charo's Hidden Grave,卡罗隐藏墓地,Charos verstecktes Grab,ﻣﻘﺑﺭة ﺗﺷﺎرو اﻟﺧﻔﻳﺔ
68500,Jagged Peak,尖刺山,Klingengipfel,اﻟﻘﻣﺔ اﻟﻣﺗﻌﺭﺟﺔ
68501,Foot of the Jagged Peak,尖刺山的山脚,Fuß des Klingengipfels,ﺳﻔﺢ اﻟﻘﻣﺔ اﻟﻣﺗﻌﺭﺟﺔ
68600,Abyssal Woods,谷底森林,Abgrundwald,اﻟﻐﺎﺑﺔ اﻟﺳﺣﻳﻘﺔ
69000,Scadu Altus,幽影亚坛,Scadu Altus,ﺳﻛﺎدو أﻟﺗﻭس
69001,Rauh Base,劳弗下方,Fuß von Rauh,ﻗﺎﻋﺩة راوه
69200,Scaduview,望影露台,Aussicht von Scadu,إﻁﻼﻟﺔ ﺳﻛﺎدو
69400,Ancient Ruins of Rauh,劳弗古遗迹,Uralte Ruinen von Rauh,أﻧﻘﺎض راوه اﻟﻌﺗﻳﻘﺔ
200000,Theatre of the Divine Beast,神兽舞台,Theater der göttlichen Bestie,ﻣﺳﺭح اﻟﻭﺣﺵ اﻟﺳﻣﺎوي
200001,Tower Settlement,“塔之镇”贝瑞特,Belurat,ﺑﻳﻠﻭرات، ﻣﺳﺗﻭﻁﻧﺔ اﻟﺑﺭج
200002,Small Private Altar,民宅小祭坛,Kleiner privater Altar,ﻣﺫﺑﺢ ﺻﻐﻳﺭ ﺧﺎص
200003,Stagefront,舞台前方,Vorderseite der Bühne,واﺟﻬﺔ اﻟﻣﺳﺭح
200100,Gate of Divinity,神之门,Tor der Göttlichkeit,اﻟﺑﻭاﺑﺔ اﻟﺳﻣﺎوﻳﺔ
200102,Enir-Ilim: Outer Wall,,Enir-Ilim – Innenwall,إﻧﻳﺭ إﻳﻠﻳﻡ: اﻟﺳﻭر اﻟﺧﺎرﺟﻲ
200103,First Rise,第一塔,Erster Turm,اﻟﻘﻣﺔ اﻷوﻟﻰ
200104,Spiral Rise,螺旋塔,Spiralturm,اﻟﻘﻣﺔ اﻟﺣﻠﺯوﻧﻳﺔ
200105,Cleansing Chamber Anteroom,,Vorraum der Reinigungskammer,ﻣﻧﻁﻘﺔ اﻧﺗﻅﺎر ﻏﺭﻓﺔ اﻟﺗﻁﻬﻳﺭ
200106,Divine Gate Front Staircase,神之门（门前楼梯平台）,Vordertreppe am göttlichen Portal,اﻟﺩرج اﻷﻣﺎﻣﻲ ﻟﻠﺑﻭاﺑﺔ اﻟﺳﻣﺎوﻳﺔ
210001,Main Gate Plaza,正门广场,Platz am Haupttor,ﺳﺎﺣﺔ اﻟﺑﻭاﺑﺔ اﻟﺭﺋﻳﺳﻳﺔ
210002,,幽影城（正门）,Schattenbergfried,ﺑﻭاﺑﺔ ﺣﺻﻥ اﻟﻅﻝ اﻟﺭﺋﻳﺳﻳﺔ
210006,Eingang,,Kirchenbezirk,ﻣﺩﺧﻝ ﻣﻧﻁﻘﺔ اﻟﻛﻧﻳﺳﺔ
210007,Sunken Chapel,沉水礼拜堂,Versunkene Kapelle,اﻟﻛﻧﻳﺳﺔ اﻟﻐﺎرﻗﺔ
210008,Tree-Worship Passage,礼树暗道,Passage zum Baumkult,ﻣﻣﺭ اﺗّﺑﺎع اﻟﺷﺟﺭة
210009,Tree-Worship Sanctum,礼树教堂,Refugium des Baumkults,ﻣﺣﺭاب اﺗّﺑﺎع اﻟﺷﺟﺭة
210100,Messmer's Dark Chamber,梅瑟莫的暗室,Messmers dunkle Kammer,ﻏﺭﻓﺔ ﻣﻳﺳﻣﺭ اﻟﻣﻅﻠﻣﺔ
210101,First Floor,保藏库（一楼）,Lagerhaus,اﻟﻣﺧﺯن، اﻟﻁﺎﺑﻖ اﻷول
210102,Fourth Floor,保藏库（四楼）,Lagerhaus,اﻟﻣﺧﺯن، اﻟﻁﺎﺑﻖ اﻟﺭاﺑﻊ
210103,Seventh Floor,保藏库（七楼）,Lagerhaus,اﻟﻣﺧﺯن، اﻟﻁﺎﺑﻖ اﻟﺳﺎﺑﻊ
210104,Dark Chamber Entrance,暗室门前,Eingang zur dunklen Kammer,ﻣﺩﺧﻝ اﻟﻐﺭﻓﺔ اﻟﻣﻅﻠﻣﺔ
210106,Back Section,保藏库（内区）,Lagerhaus,اﻟﻣﺧﺯن، اﻟﺟﺯء اﻟﺧﻠﻔﻲ
210107,Loft,保藏库（阁楼）,Lagerhaus,اﻟﻣﺧﺯن، اﻟﻌﻠﻳّﺔ
210201,West Rampart,西边城墙,Westlicher Schutzwall,اﻟﺳﻭر اﻟﻐﺭﺑﻲ
220000,Garden of Deep Purple,深紫花园,Tiefvioletter Garten,اﻟﺣﺩﻳﻘﺔ اﻟﺑﻧﻔﺳﺟﻳﺔ اﻟﻌﻣﻳﻘﺔ
220001,Stone Coffin Fissure,石棺大洞,Riss im Steinsarg,ﺻﺩع اﻟﺗﺎﺑﻭت اﻟﺣﺟﺭي
220002,Fissure Cross,大洞的十字记号,Kreuz im Riss,ﺗﻘﺎﻁﻊ اﻟﺻﺩع
220003,Fissure Waypoint,大洞中段,Wegpunkt im Riss,وﺟﻬﺔ اﻟﺻﺩع
220004,Fissure Depths,大洞深处,Tiefen des Risses,أﻋﻣﺎق اﻟﺻﺩع
250000,Finger Birthing Grounds,指头产房,Fingergeburtsstätte,أراﺿﻲ وﻻدة اﻷﺻﺎﺑﻊ
280000,Discussion Chamber,对谈室,Debattierraum,ﻏﺭﻓﺔ اﻟﻣﻧﺎﻗﺷﺎت
280001,Manse Hall,府邸大厅,Halle des Pfarrhauses,ﻗﺎﻋﺔ اﻟﻘﺻﺭ
280002,Midra's Library,米德拉的书库,Midras Bibliothek,ﻣﻛﺗﺑﺔ ﻣﺩرا
280003,Second Floor Chamber,,Kammer im ersten Stock,ﻏﺭﻓﺔ اﻟﻁﺎﺑﻖ اﻟﺛﺎﻧﻲ
400000,Fog Rift Catacombs,雾谷地下墓地,Nebelriss-Katakomben,ﺳﺭادﻳﺏ ﺻﺩع اﻟﺿﺑﺎب
400100,Scorpion River Catacombs,蝎河地下墓地,Katakomben am Skorpionsfluss,ﺳﺭادﻳﺏ ﻧﻬﺭ اﻟﻌﻘﺭب
400200,Darklight Catacombs,驱暗地下墓地,Dunkellichtkatakomben,ﺳﺭادﻳﺏ اﻟﻧﻭر اﻟﻣﻅﻠﻡ
410000,Belurat Gaol,贝瑞特监牢,Kerker von Belurat,ﺳﺟﻥ ﺑﻳﻠﻭرات
410100,Bonny Gaol,波尼监牢,Kerker von Bonny,ﺳﺟﻥ ﺑﻭﻧﻲ
410200,Lamenter's Gaol,喟叹监牢,Kerker des Klägers,ﺳﺟﻥ ﻻﻣﻳﻧﺗﺭ
420000,Ruined Forge Lava Intake,,Lavazulauf der ruinierten Schmiede,ﻣﺩﺧﻝ اﻟﺣﻣﻡ ﻷﻧﻘﺎض اﻟﻣﺻﻬﺭ
420200,Ruined Forge of Starfall Past,古铁陨石锻造遗迹,Ruinierte Sternfallschmiede,أﻧﻘﺎض اﻟﻣﺻﻬﺭ ﻟﻣﺎﺿﻲ اﻟﻧﻳﺯك
420300,Taylew's Ruined Forge,泰乌尔锻造遗迹,Ruinierte Schmiede von Taylew,أﻧﻘﺎض ﻣﺻﻬﺭ ﺗﺎﻳﻠﻭ
430000,Rivermouth Cave,河尾洞窟,Höhle an der Flussmündung,ﻛﻬﻑ ﻣﺻﺏ اﻟﻧﻬﺭ
430100,Dragon's Pit,龙洞,Drachengrube,ﺣﻔﺭة اﻟﺗﻧﻳﻥ
430101,Endstation,,Drachengrube,ﻧﻬﺎﻳﺔ ﺣﻔﺭة اﻟﺗﻧﻳﻥ
680000,Gravesite Plain,墓地平原,Grabfeld-Ebene,ﺳﻬﻝ اﻟﻣﻘﺑﺭة
680001,Scorched Ruins,火吻废墟,Versengte Ruinen,اﻷﻧﻘﺎض اﻟﻣﺣﺗﺭﻗﺔ
680002,Three-Path Cross,三叉口的十字记号,Drei-Wege-Kreuzung,اﻟﺗﻘﺎﻁﻊ ﺛﻼﺛﻲ اﻟﻣﺳﺎرات
680003,Main Gate Cross,正门前方的十字记号,Kreuz am Haupttor,ﺗﻘﺎﻁﻊ اﻟﺑﻭاﺑﺔ اﻟﺭﺋﻳﺳﻳﺔ
680004,Endstation,,Klippenstraße,ﻧﻬﺎﻳﺔ ﻁﺭﻳﻖ اﻟﺟﺭف
680005,,大桥北方,Große Brücke im Norden,اﻟﺟﺳﺭ اﻟﻌﻅﻳﻡ، اﻟﺷﻣﺎل
681000,Ellac River Cave,艾拉克河洞窟,Höhle an der Ellac,ﻛﻬﻑ ﻧﻬﺭ إﻳﻼك
681001,Pillar Path Cross,通柱坡的十字记号,Kreuz am Säulengang,ﺗﻘﺎﻁﻊ ﻣﺳﺎر اﻟﺭﻛﻳﺯة
681002,Pillar Path Waypoint,通柱坡中段,Wegpunkt am Säulengang,وﺟﻬﺔ ﻣﺳﺎر اﻟﺭﻛﻳﺯة
681003,Castle Front,城的前方,Vorderseite des Schlosses,واﺟﻬﺔ اﻟﻘﻠﻌﺔ
682000,Castle Ensis Checkpoint,恩希斯城（关卡）,Kontrollpunkt von Schloss Ensis,وﺟﻬﺔ ﻗﻠﻌﺔ إﻧﺳﻳﺱ
682001,Castle-Lord's Chamber,城主的房间,Kammer des Schlossherren,ﻏﺭﻓﺔ ﻟﻭرد اﻟﻘﻠﻌﺔ
682002,Ensis Moongazing Grounds,恩希斯赏月地,Observatorium von Ensis,أراﺿﻲ ﻣﺭاﻗﺑﻲ اﻟﻘﻣﺭ ﻹﻧﺳﻳﺱ
683000,Ellac River Downstream,艾拉克河下游,Unterlauf der Ellac,ﻣﺻﺏ ﻧﻬﺭ إﻳﻼك
683001,Cerulean Coast,青蓝海岸,Himmelblaues Ufer,اﻟﺳﺎﺣﻝ اﻟﻼزوردي
683002,Cerulean Coast West,青蓝海岸西边,Westliches himmelblaues Ufer,ﻏﺭب اﻟﺳﺎﺣﻝ اﻟﻼزوردي
683003,The Fissure,大洞,Der Riss,اﻟﺻﺩع
683004,Finger Ruins of Rhia,利亚指头遗迹,Fingerruinen von Rhia,أﻧﻘﺎض اﻷﺻﺎﺑﻊ ﻟﺭﻳﺎ
683005,Cerulean Coast Cross,青蓝海岸的十字记号,Kreuz am himmelblauen Ufer,ﺗﻘﺎﻁﻊ اﻟﺳﺎﺣﻝ اﻟﻼزوردي
684000,Grand Altar of Dragon Communion,龙飨大祭坛,Großer Altar der Drachenkommunion,ﻣﺫﺑﺢ ﻗﺭﺑﺎن اﻟﺗﻧﻳﻥ اﻟﻛﺑﻳﺭ
684001,Charo's Hidden Grave,卡罗隐藏墓地,Charos verstecktes Grab,ﻣﻘﺑﺭة ﺗﺷﺎرو اﻟﺧﻔﻳﺔ
685000,Foot of the Jagged Peak,尖刺山的山脚,Fuß des Klingengipfels,ﺳﻔﺢ اﻟﻘﻣﺔ اﻟﻣﺗﻌﺭﺟﺔ
685001,Jagged Peak Mountainside,尖刺山（中段）,Berghang des Klingengipfels,ﺟﺎﻧﺏ ﺟﺑﻝ اﻟﻘﻣﺔ اﻟﻣﺗﻌﺭﺟﺔ
685002,Jagged Peak Summit,尖刺山（山顶）,Spitze des Klingengipfels,ذروة اﻟﻘﻣﺔ اﻟﻣﺗﻌﺭﺟﺔ
685003,Rest of the Dread Dragon,狂龙之席,Der Ruheort des grausigen Drachens,ﻣﻌﻘﻝ اﻟﺗﻧﻳﻥ اﻟﻣﺧﻳﻑ
686000,Abyssal Woods,谷底森林,Abgrundwald,اﻟﻐﺎﺑﺔ اﻟﺳﺣﻳﻘﺔ
686001,Divided Falls,,Verteilte Fälle,اﻟﺷﻼﻻت اﻟﻣﻘﺳﻣﺔ
686002,Forsaken Graveyard,荒废墓地,Verlassener Friedhof,اﻟﻣﻘﺎﺑﺭ اﻟﻣﻧﺑﻭذة
686003,Woodland Trail,林中兽径,Waldpfad,درب اﻟﻐﺎﺑﺔ\n
686004,Church Ruins,废弃教堂,Kirchenruinen,أﻧﻘﺎض اﻟﻛﻧﻳﺳﺔ
690000,Highroad Cross,大道旁的十字记号,Kreuz an der Hochstraße,ﺗﻘﺎﻁﻊ اﻟﻁﺭﻳﻖ اﻟﺳﺭﻳﻊ
690002,Moorth Ruins,穆斯废墟,Ruinen von Moorth,اﻷﻧﻘﺎض ﻟﻣﻭرث
690003,Bonny Village,波尼村,Bonny-Dorf,ﻗﺭﻳﺔ ﺑﻭﻧﻲ
690004,Bridge Leading to the Village,,Brücke zum Dorf,اﻟﺟﺳﺭ اﻟﻣﺅدي إﻟﻰ اﻟﻘﺭﻳﺔ
690005,Church District Highroad,教区大道,Hochstraße zum Kirchenbezirk,اﻟﻁﺭﻳﻖ اﻟﺳﺭﻳﻊ ﻟﻣﻧﻁﻘﺔ اﻟﻛﻧﻳﺳﺔ
690006,Cathedral of Manus Metyr,玛努斯·美特大教堂,Kathedrale von Manus Metyr,ﻗﻠﻌﺔ ﻣﺎﻧﻭس ﻣﻳﺗﻳﺭ
690007,West,幽影亚坛（西方）,Scadu Altus,ﺳﻛﺎدو أﻟﺗﻭس، اﻟﻐﺭب
690008,South,穆斯大道（南方）,Straße Moorth,ﻁﺭﻳﻖ ﻣﻭرث اﻟﺳﺭﻳﻊ، اﻟﺟﻧﻭب
690009,Fort of Reprimand,惩罚要塞,Festung des Tadels,ﺣﺻﻥ اﻟﺗﺄﻧﻳﺏ
690010,Behind the Fort of Reprimand,惩罚要塞（后方）,Hinter der Festung des Tadels,ﺧﻠﻑ ﺣﺻﻥ اﻟﺗﺄﻧﻳﺏ
690011,Scaduview Cross,远望幽影树的十字记号,Kreuz an der Aussicht von Scadu,ﺗﻘﺎﻁﻊ إﻁﻼﻟﺔ ﺳﻛﺎدو
690012,Ancient Ruins Base,古遗迹下方,Fuß der uralten Ruinen,ﻗﺎﻋﺩة اﻷﻧﻘﺎض اﻟﻌﺗﻳﻘﺔ
690013,Temple Town Ruins,神殿镇废墟,Ruinen der Tempelstadt,أﻧﻘﺎض ﺑﻠﺩة اﻟﻣﻌﺑﺩ
690014,Ravine North,峡谷北方,Klamm im Norden,ﺷﻣﺎل اﻟﻭادي
690016,Castle Watering Hole,城底积水处,Wasserstelle des Schlosses,ﻓﺟﻭة ريّ اﻟﻘﻠﻌﺔ
690017,Recluses' River Upstream,隐者河上游,Oberlauf des Klausnerflusses,ﻣﻧﺑﻊ ﻧﻬﺭ اﻟﻣﻧﻌﺯﻟﻳﻥ
690018,Recluses' River Downstream,隐者河下游,Unterlauf des Klausnerflusses,ﻣﺻﺏ ﻧﻬﺭ اﻟﻣﻧﻌﺯﻟﻳﻥ
692000,Scaduview,望影露台,Aussicht von Scadu,إﻁﻼﻟﺔ ﺳﻛﺎدو
692001,Back Gate,幽影城（后门）,Schattenbergfried,ﺣﺻﻥ اﻟﻅﻝ، اﻟﺑﻭاﺑﺔ اﻟﺧﻠﻔﻳﺔ
693000,Hinterland,隐匿之地,Hinterland,اﻷرض اﻟﻧﺎﺋﻳﺔ
693001,Fingerstone Hill,指岩山丘,Fingersteinhügel,ﺗﻝ ﺻﺧﺭة اﻷﺻﺎﺑﻊ
693002,Hinterland Bridge,隐匿之地（桥边）,Hinterlandbrücke,ﺟﺳﺭ اﻷرض اﻟﻧﺎﺋﻳﺔ
694000,Viaduct Minor Tower,高架桥的小塔,Kleiner Viaduktturm,ﺑﺭج اﻟﺟﺳﺭ اﻟﺻﻐﻳﺭ
694001,East,劳弗古遗迹（东方）,Uralte Ruinen von Rauh,أﻧﻘﺎض راوه اﻟﻌﺗﻳﻘﺔ، ﺷﺭﺎ
694002,West,劳弗古遗迹（西方）,Uralte Ruinen von Rauh,أﻧﻘﺎض راوه اﻟﻌﺗﻳﻘﺔ، ﻏﺭﺑًﺎ
694003,Main Entrance,花蕾教堂（正門口）,Kirche der Knospe,ﻛﻧﻳﺳﺔ اﻟﺑﺭﻋﻡ، اﻟﻣﺩﺧﻝ اﻟﺭﺋﻳﺳﻲ
694004,Grand Stairway,古遗迹（大楼梯）,Uralte Ruinen,اﻷﻧﻘﺎض اﻟﻌﺗﻳﻘﺔ، اﻟﺩرج اﻟﻛﺑﻳﺭ
694005,Church of the Bud,花蕾教堂,Kirche der Knospe,ﻛﻧﻳﺳﺔ اﻟﺑﺭﻋﻡ
696000,Scadutree Base,幽影树的树脚,Fuß des Scadubaums,ﻗﺎﻋﺩة ﺷﺟﺭة ﺳﻛﺎدو
6800800,Miquella's Cross,米凯拉的十字记号,Miquellas Kreuz,ﺻﻠﻳﺏ ﻣﻳﻛﻼ
6800801,Miquella's Cross,米凯拉的十字记号,Miquellas Kreuz,ﺻﻠﻳﺏ ﻣﻳﻛﻼ
6801000,Tower Settlement,“塔之镇”贝瑞特,Belurat,ﺑﻳﻠﻭرات، ﻣﺳﺗﻭﻁﻧﺔ اﻟﺑﺭج
6804400,Abandoned Ailing Village,置病村,Verlassenes leidendes Dorf,اﻟﻘﺭﻳﺔ اﻟﻣﺗﻬﺎﻟﻛﺔ اﻟﻣﻬﺟﻭرة
6804700,Church of Consolation,慰借教堂,Kirche des Trostes,ﻛﻧﻳﺳﺔ اﻟﻣﻭاﺳﺎة
6804701,Church of Benediction,恩惠教堂,Kirche der Segnung,ﻛﻧﻳﺳﺔ اﻟﻣﺑﺎرﻛﺔ
6805000,Scorched Ruins,火吻废墟,Versengte Ruinen,اﻷﻧﻘﺎض اﻟﻣﺣﺗﺭﻗﺔ
6805100,Prospect Town,眺望镇,Stadt Weitblick,ﺑﻠﺩة اﻟﻔﺭص
6805600,Western Nameless Mausoleum,西方无名灵庙,Westliches namenloses Mausoleum,اﻟﺿﺭﻳﺢ اﻟﻐﺭﺑﻲ اﻟﻣﺟﻬﻭل
6805900,Run-Down Traveler's Rest,旅人的破屋,Heruntergekommene Raststätte,اﺳﺗﺭاﺣﺔ اﻟﻣﺳﺎﻓﺭ اﻟﻣﺗﻬﺎﻟﻛﺔ
6805901,Artist's Shack,画家的破屋,Hütte des Künstlers,ﻛﻭخ اﻟﻔﻧﺎن
6806000,Ellac Greatbridge,艾拉克大桥,Große Brücke der Ellac,ﺟﺳﺭ إﻳﻼك اﻟﻌﻅﻳﻡ
6810800,Miquella's Cross,米凯拉的十字记号,Miquellas Kreuz,ﺻﻠﻳﺏ ﻣﻳﻛﻼ
6815700,Suppressing Pillar,镇抚石柱,Säule der Unterdrückung,اﻟﺭﻛﻳﺯة اﻟﻘﺎﻣﻌﺔ
6815901,Elder's Hovel,老者的破屋,Hütte des Ältesten,ﻛﻭخ اﻟﺣﻛﻳﻡ
6820800,Miquella's Cross,米凯拉的十字记号,Miquellas Kreuz,ﺻﻠﻳﺏ ﻣﻳﻛﻼ
6824100,Castle Ensis,恩希斯城,Schloss Ensis,ﻗﻠﻌﺔ إﻧﺳﻳﺱ
6830000,Finger Ruins of Rhia,利亚指头遗迹,Fingerruinen von Rhia,أﻧﻘﺎض اﻷﺻﺎﺑﻊ ﻟﺭﻳﺎ
6830800,Miquella's Cross,米凯拉的十字记号,Miquellas Kreuz,ﺻﻠﻳﺏ ﻣﻳﻛﻼ
6831700,Stone Coffin Fissure,石棺大洞,Riss im Steinsarg,ﺻﺩع اﻟﺗﺎﺑﻭت اﻟﺣﺟﺭي
6835500,Finger Ruins of Rhia,利亚指头遗迹,Fingerruinen von Rhia,أﻧﻘﺎض اﻷﺻﺎﺑﻊ ﻟﺭﻳﺎ
6835600,Southern Nameless Mausoleum,南方无名灵庙,Südliches namenloses Mausoleum,اﻟﺿﺭﻳﺢ اﻟﺟﻧﻭﺑﻲ اﻟﻣﺟﻬﻭل
6835900,Finger-Weaver's Hovel,指头追寻者的破屋,Hütte des Fingerwebers,ﻛﻭخ ﺣﺎﺋﻙ اﻷﺻﺎﺑﻊ
6844900,Grand Altar of Dragon Communion,龙飨大祭坛,Großer Altar der Drachenkommunion,ﻣﺫﺑﺢ ﻗﺭﺑﺎن اﻟﺗﻧﻳﻥ اﻟﻛﺑﻳﺭ
6861800,Midra's Manse,米德拉府邸,Midras Pfarrhaus,ﻗﺻﺭ ﻣﺩرا
6864700,Abandoned Church,废弃教堂,Verlassene Kirche,اﻟﻛﻧﻳﺳﺔ اﻟﻣﻬﺟﻭرة
6870800,Miquella's Cross,米凯拉的十字记号,Miquellas Kreuz,ﺻﻠﻳﺏ ﻣﻳﻛﻼ
6880800,Miquella's Cross,米凯拉的十字记号,Miquellas Kreuz,ﺻﻠﻳﺏ ﻣﻳﻛﻼ
6890800,Miquella's Cross,米凯拉的十字记号,Miquellas Kreuz,ﺻﻠﻳﺏ ﻣﻳﻛﻼ
6900000,Finger Ruins of Miyr,密亚指头遗迹,Fingerruinen von Miyr,أﻧﻘﺎض اﻷﺻﺎﺑﻊ ﻟﻣﺎﻳﺭ
6900800,Miquella's Cross,米凯拉的十字记号,Miquellas Kreuz,ﺻﻠﻳﺏ ﻣﻳﻛﻼ
6900801,Miquella's Cross,米凯拉的十字记号,Miquellas Kreuz,ﺻﻠﻳﺏ ﻣﻳﻛﻼ
6900802,Miquella's Cross,米凯拉的十字记号,Miquellas Kreuz,ﺻﻠﻳﺏ ﻣﻳﻛﻼ
6901300,Shadow Keep,幽影城,Schattenbergfried,ﺣﺻﻥ اﻟﻅﻝ
6904200,Fog Rift Fort,雾谷要塞,Nebelriss-Festung,ﺣﺻﻥ ﺻﺩع اﻟﺿﺑﺎب
6904300,Fort of Reprimand,惩罚要塞,Festung des Tadels,ﺣﺻﻥ اﻟﺗﺄﻧﻳﺏ
6904700,Church of the Crusade,圣战教堂,Kirche des Kreuzzuges,ﻛﻧﻳﺳﺔ اﻟﺣﻣﻠﺔ اﻟﺻﻠﻳﺑﻳﺔ
6904800,Cathedral of Manus Metyr,玛努斯·美特大教堂,Kathedrale von Manus Metyr,ﻗﻠﻌﺔ ﻣﺎﻧﻭس ﻣﻳﺗﻳﺭ
6905200,Temple Town Ruins,神殿镇废墟,Ruinen der Tempelstadt,أﻧﻘﺎض ﺑﻠﺩة اﻟﻣﻌﺑﺩ
6905300,Ruins of Unte,安堤废墟,Ruinen von Unte,أﻧﻘﺎض أوﻧﺗﻲ
6905400,Moorth Ruins,穆斯废墟,Ruinen von Moorth,اﻷﻧﻘﺎض اﻟﻣُﺑﺗﻠَﻌﺔ
6905500,Finger Ruins of Miyr,密亚指头遗迹,Fingerruinen von Miyr,أﻧﻘﺎض اﻷﺻﺎﺑﻊ ﻟﻣﺎﻳﺭ
6905600,Northern Nameless Mausoleum,北方无名灵庙,Nördliches namenloses Mausoleum,اﻟﺿﺭﻳﺢ اﻟﺷﻣﺎﻟﻲ اﻟﻣﺟﻬﻭل
6905601,Eastern Nameless Mausoleum,东方无名灵庙,Östliches namenloses Mausoleum,اﻟﺿﺭﻳﺢ اﻟﺷﺭﻗﻲ اﻟﻣﺟﻬﻭل
6905800,Rabbath's Rise,拉巴斯魔法师塔,Rabbaths Turm,ﻗﻣﺔ راﺑﺎث
6905900,Whipping Hut,软鞭小屋,Peitschenhütte,ﻛﻭخ اﻟﺟَﻠﺩ
6906100,Village of Flies,苍蝇村,Fliegendorf,ﻗﺭﻳﺔ اﻟﺫﺑﺎب
6906800,Bonny Village,波尼村,Bonny-Dorf,ﻗﺭﻳﺔ ﺑﻭﻧﻲ
6920000,Scaduview,望影露台,Aussicht von Scadu,إﻁﻼﻟﺔ ﺳﻛﺎدو
6920001,Scadutree Base,幽影树的树脚,Fuß des Scadubaums,ﻗﺎﻋﺩة ﺷﺟﺭة ﺳﻛﺎدو
6924000,Scadutree Chalice,幽影树圣杯,Scadubaum-Kelch,ﻛﺄس ﺷﺟﺭة ﺳﻛﺎدو
6925900,Albinauric's Shack,白金的破屋,Hütte des Albinaurics,ﻛﻭخ اﻟﻣُﻬﻖ اﻟﺫﻫﺑﻳﻳﻥ
6930000,Finger Ruins of Dheo,狄欧指头遗迹,Fingerruinen von Dheo,أﻧﻘﺎض اﻷﺻﺎﺑﻊ ﻟﺩﻳﻭ
6934600,Shaman Village,巫者村,Schaman-Dorf,ﻗﺭﻳﺔ اﻟﻛﺎﻫﻥ
6935500,Finger Ruins of Dheo,狄欧指头遗迹,Fingerruinen von Dheo,أﻧﻘﺎض اﻷﺻﺎﺑﻊ ﻟﺩﻳﻭ
6940800,Miquella's Cross,米凯拉的十字记号,Miquellas Kreuz,ﺻﻠﻳﺏ ﻣﻳﻛﻼ
6941100,Enir-Ilim,艾尼尔·伊利姆,Enir-Ilim,إﻧﻳﺭ إﻳﻠﻳﻡ
6990800,Miquella's Cross,米凯拉的十字记号,Miquellas Kreuz,ﺻﻠﻳﺏ ﻣﻳﻛﻼ
8020000,Realm of Shadow,幽影之地,Reich der Schatten,ﻣﻣﻠﻛﺔ اﻟﻅﻝ
10670100,Witchbane Ruins,封印魔女的废墟,Hexenfluchruinen,أﻧﻘﺎض ﻟﻌﻧﺔ اﻟﺳﺎﺣﺭ
10670101,The First Step,引导之始,Der erste Schritt,اﻟﺧﻁﻭة اﻷوﻟﻰ
10670102,Agheel Lake,亚基尔湖,Agheel-See,ﺑﺣﻳﺭة أﻏﻳﻝ
10670103,Dragon-Burnt Ruins,龙息废墟,Vom Drachen verbrannte Ruinen,أﻧﻘﺎض ﺣﺭاﺋﻖ اﻟﺗﻧﻳﻥ
10670104,Peninsula Minor Erdtree,半岛小黄金树,Niederer Erdenbaum – Halbinsel,ﺷﺑﻪ ﺟﺯﻳﺭة ﺷﺟﺭة إرد اﻟﺻﻐﻳﺭة
10670105,Castle Morne,摩恩城,Schloss Morne,ﻗﻠﻌﺔ ﻣﻭرن
10670106,Waypoint Ruins,驿站街遗迹,Ruinen eines Wegpunkts,أﻧﻘﺎض اﻟﻭﺟﻬﺔ
10670130,Castleward Tunnel,通城隧道,Tunnel zum Schloss,ﻧﻔﻖ ﺟﻧﺎح اﻟﻘﻠﻌﺔ
10670131,Secluded Cell,深处小房间,Abgelegene Zelle,اﻟﺯﻧﺯاﻧﺔ اﻟﻣﻧﻌﺯﻟﺔ
10670132,Liftside Chamber,升降机旁房间,Kammer auf Aufzugsseite,ﻏﺭﻓﺔ ﺟﺎﻧﺏ اﻟﻣﺻﻌﺩ
10670133,Rampart Tower,城墙塔,Wallturm,ﺑﺭج اﻟﺳﻭر
10670134,Stormveil Cliffside,史东薇尔断崖,Sturmschleier-Klippen,ﺟﺭف ﺳﺗﻭرﻣﻔﻳﻝ
10670135,Stormveil Main Gate,史东薇尔正门,Sturmschleier-Haupttor,ﺑﻭاﺑﺔ ﺳﺗﻭرﻣﻔﻳﻝ اﻟﺭﺋﻳﺳﻳﺔ
10670160,Tombsward Catacombs,灵庙原野地下墓地,Katakomben des Gräberwalls,ﺳﺭادﻳﺏ ﺟﻧﺎح اﻟﻣﻘﺎﺑﺭ
10670161,Impaler's Catacombs,穿刺地下墓地,Katakomben des Pfählers,ﺳﺭادﻳﺏ اﻟﻣﺛﻘﻭب
10670162,Stormfoot Catacombs,风暴根脚的地下墓地,Sturmfuß-Katakomben,ﺳﺭادﻳﺏ ﻗﺩم اﻟﻌﺎﺻﻔﺔ
10670163,Deathtouched Catacombs,死亡降临的地下墓地,Todberührte Katakomben,اﻟﺳﺭادﻳﺏ اﻟﻣﺗﺄﺛﺭة ﺑﺎﻟﻣﻭت
10670164,Murkwater Catacombs,蒙流地下墓地,Trübflusskatakomben,ﺳﺭادﻳﺏ اﻟﻣﺎء اﻟﻣﻌﻛﺭ
10670170,Tombsward Cave,灵庙原野洞窟,Höhle des Gräberwalls,ﻛﻬﻑ ﺟﻧﺎح اﻟﻣﻘﺎﺑﺭ
10670171,Earthbore Cave,垂穴洞窟,Erdschlundhöhle,ﻛﻬﻑ ﻗﻠﺏ اﻷرض
10670172,Murkwater Cave,蒙流洞窟,Trübflusshöhle,ﻛﻬﻑ اﻟﻣﺎء اﻟﻣﻌﻛﺭ
10670173,Groveside Cave,近林洞窟,Hainhöhle,ﻛﻬﻑ ﺟﺎﻧﺏ اﻟﺑﺳﺗﺎن
10670174,Coastal Cave,海岸洞窟,Küstenhöhle,اﻟﻛﻬﻑ اﻟﺳﺎﺣﻠﻲ
10670175,Highroad Cave,大道下的洞窟,Hochstraßen-Höhle,ﻛﻬﻑ اﻟﻁﺭﻳﻖ اﻟﺳﺭﻳﻊ
10670180,Morne Tunnel,摩恩坑道,Tunnel von Morne,ﻧﻔﻖ ﻣﻭرن
10670181,Limgrave Tunnels,宁姆格福坑道,Tunnel von Limgrave,أﻧﻔﺎق ﻟﻳﻣﻐﺭﻳﻑ
10670200,Lake Minor Erdtree,湖之小黄金树,Niederer Erdenbaum – See,ﺑﺣﻳﺭة ﺷﺟﺭة إرد اﻟﺻﻐﻳﺭة
10670201,Temple Quarter,教堂区,Tempelviertel,ﺣﻲ اﻟﻣﻌﺑﺩ
10670202,Village of the Albinaurics,白金村,Dorf der Albinaurics,ﻗﺭﻳﺔ اﻟﻣُﻬﻖ اﻟﺫﻫﺑﻳﻳﻥ
10670203,Kingsrealm Ruins,王室领地废墟,Königliche Ruinen,أﻧﻘﺎض ﻣﻣﻠﻛﺔ اﻟﻣﻠﻭك
10670204,Caria Manor,卡利亚城寨,Anwesen von Caria,ﻗﺻﺭ ﻛﺎرﻳﺎ
10670205,Uld Minor Erdtree,兀德小黄金树,Niederer Erdenbaum – Uld,ﺷﺟﺭة إرد اﻟﺻﻐﻳﺭة اﻟﻌﺗﻳﻘﺔ
10670230,Main Academy Gate,学院正门口,Haupttor der Akademie,ﺑﻭاﺑﺔ اﻷﻛﺎدﻳﻣﻳﺔ اﻟﺭﺋﻳﺳﻳﺔ
10670231,Schoolhouse Classroom,校舍内的教室,Schulklassenraum,ﻓﺻﻝ اﻟﻣﺩرﺳﺔ
10670232,Church of the Cuckoo,杜鹃教堂,Kirche des Kuckucks,ﻛﻧﻳﺳﺔ اﻟﻭﻗﻭاﻗﻳﺔ
10670233,Debate Parlor,讨论室,Forum der Debatte,ﻗﺎﻋﺔ اﻟﻣﻧﺎﻅﺭة
10670240,Ruin-Strewn Precipice,古遗迹断崖,Ruinenübersäter Abgrund,ﻫﺎوﻳﺔ اﻟﺩﻣﺎر اﻟﻣﺑﻌﺛﺭ
10670241,Ruin-Strewn Precipice Overlook,古遗迹断崖（对岸）,Ruinenübersäter Abgrund – Aussichtspunkt,ﻣﺭﺻﺩ ﻫﺎوﻳﺔ اﻟﺩﻣﺎر اﻟﻣﻧﺗﺷﺭ
10670260,Black Knife Catacombs,黑刀地下墓地,Katakomben der Schwarzen Klinge,ﺳﺭادﻳﺏ اﻟﺳﻛﻳﻥ اﻟﺳﻭداء
10670261,Road's End Catacombs,绝路地下墓地,Katakomben am Wegesende,ﺳﺭادﻳﺏ ﻧﻬﺎﻳﺔ اﻟﻁﺭﻳﻖ
10670262,Cliffbottom Catacombs,断崖下的地下墓地,Katakomben am Klippenfuß,ﺳﺭادﻳﺏ أﺳﻔﻝ اﻟﺟﺭف
10670270,Stillwater Cave,留水洞窟,Stillwasserhöhle,ﻛﻬﻑ اﻟﻣﺎء اﻟﺭاﻛﺩ
10670271,Lakeside Crystal Cave,湖旁结晶洞窟,Kristallhöhle am See,ﻛﻬﻑ اﻟﺑﺣﻳﺭة اﻟﺑﻠﻭري
10670272,Academy Crystal Cave,学院结晶洞窟,Kristallhöhle der Akademie,ﻛﻬﻑ اﻷﻛﺎدﻳﻣﻳﺔ اﻟﺑﻠﻭري
10670280,Raya Lucaria Crystal Tunnel,雷亚卢卡利亚结晶坑道,Kristalltunnel von Raya Lucaria,ﻧﻔﻖ راﻳﺎ ﻟﻭﻛﺎرﻳﺎ اﻟﺑﻠﻭري
10670300,Fort Laiedd South,,Süden der Festung Laiedd,ﺣﺻﻥ ﻟﻳﺩ اﻟﺟﻧﻭﺑﻲ
10670301,Hermit Village Cliff Road,通往遁世者村的崖上道路,Einsiedlerdorf – Klippenstraße,ﻁﺭﻳﻖ ﺟﺭف ﻗﺭﻳﺔ اﻟﺯاﻫﺩ
10670303,Road of Iniquity,移送罪人之路,Straße der Sünde,ﻁﺭﻳﻖ اﻟﻅﻼم
10670304,Craftsman's Shack,匠人的破屋,Handwerkerhütte,ﻛﻭخ اﻟﺣﺭﻓﻲ
10670305,Wyndham Ruins,威达姆废墟,Ruinen von Wyndham,أﻧﻘﺎض واﻳﻧﺩام
10670306,The Shaded Castle,日荫城,Die Schattenburg,اﻟﻘﻠﻌﺔ اﻟﻣﻅﻠﻠﺔ
10670307,Writheblood Ruins,蠕血废墟,Sturmblutruinen,أﻧﻘﺎض اﻟﺩﻣﺎء
10670308,Windmill Village,风车村多明努拉,Dominula,دوﻣﻳﻧﻭﻻ، ﻗﺭﻳﺔ اﻟﻁﺎﺣﻭﻧﺔ
10670309,Outer Wall Minor Erdtree,城外小黄金树,Niederer Erdenbaum – Außenwall,اﻟﺳﻭر اﻟﺧﺎرﺟﻲ ﻟﺷﺟﺭة إرد اﻟﺻﻐﻳﺭة
10670310,Outer Wall East,,Östlicher Außenwall,ﺷﺭق اﻟﺳﻭر اﻟﺧﺎرﺟﻲ
10670330,East Capital Rampart,王城东边城墙,Östlicher Hauptstadtwall,ﺳﻭر اﻟﻌﺎﺻﻣﺔ اﻟﺷﺭﻗﻲ
10670331,Avenue Balcony,大道旁露台,Straßenbalkon,ﺷﺭﻓﺔ اﻟﺩرب
10670332,Lower Capital Church,王城底层教堂,Untere Hauptstadtkapelle,ﻛﻧﻳﺳﺔ اﻟﻌﺎﺻﻣﺔ اﻟﺳﻔﻠﻰ
10670333,West Capital Rampart,王城西边城墙,Westlicher Hauptstadtwall,ﺳﻭر اﻟﻌﺎﺻﻣﺔ اﻟﻐﺭﺑﻲ
10670334,Queen's Bedchamber,女王闺阁,Schlafgemach der Königin,ﻏﺭﻓﺔ ﻧﻭم اﻟﻣﻠﻛﺔ
10670340,Underground Roadside,地底大道旁,Unterirdische Straße,اﻟﻁﺭﻳﻖ اﻟﺟﺎﻧﺑﻲ اﻟﺳﻔﻠﻲ
10670341,Forsaken Depths,弃置恶兆的底层,Tiefe der Verlorenen,أﻋﻣﺎق اﻟﻣﻧﺑﻭذﻳﻥ
10670342,Leyndell Catacombs,罗德尔地下墓地,Katakomben von Leyndell,ﺳﺭادﻳﺏ ﻟﻳﻧﺩل
10670351,Prison Town Church,牢镇教堂,Kirche der Kerkergemeinde,ﻛﻧﻳﺳﺔ ﺳﺟﻥ اﻟﺑﻠﺩة
10670352,Guest Hall,迎宾厅,Gästehalle,ﻗﺎﻋﺔ اﻟﺿﻳﻭف
10670353,Temple of Eiglay,艾格蕾教堂,Tempel von Eiglay,ﻣﻌﺑﺩ إﻳﻐﻼي
10670354,Audience Pathway,谒见之路,Audienzpfad,ﻣﻣﺭ اﻟﺟﻣﻬﻭر
10670360,Sainted Hero's Grave,尊贵者的英雄墓地,Grab des heiligen Helden,ﻣﻘﺑﺭة اﻟﺑﻁﻝ اﻟﻘﺩﻳﺱ
10670361,Gelmir Hero's Grave,格密尔英雄墓地,Grab des Helden von Gelmir,ﻣﻘﺑﺭة ﺑﻁﻝ ﻏﻳﻠﻣﻳﺭ
10670362,Auriza Hero's Grave,亚雷萨英雄墓地,Grab des Helden von Auriza,ﻣﻘﺑﺭة ﺑﻁﻝ أورﻳﺯا
10670363,Unsightly Catacombs,丑恶地下墓地,Entstellte Katakomben,اﻟﺳﺭادﻳﺏ اﻟﺷﻧﻳﻌﺔ
10670364,Wyndham Catacombs,威达姆地下墓地,Katakomben von Wyndham,ﺳﺭادﻳﺏ واﻳﻧﺩام
10670370,Seethewater Cave,沸滚河洞窟,Donnerstromhöhle,ﻛﻬﻑ اﻟﻣﺎء اﻟﺛﺎﺋﺭ
10670371,Volcano Cave,火山洞窟,Vulkanhöhle,ﻛﻬﻑ اﻟﺑﺭﻛﺎن
10670372,Perfumer's Grotto,调香师的隐藏洞窟,Parfümeursgrotte,ﻣﻐﺎرة ﺻﺎﻧﻌﻲ اﻟﻌﻁﻭر
10670373,Sage's Cave,贤者的洞窟,Höhle des Weisen,ﻛﻬﻑ اﻟﺣﻛﻳﻡ
10670380,Old Altus Tunnel,旧亚坛坑道,Alter Altustunnel,ﻧﻔﻖ أﻟﺗﻭس اﻟﻘﺩﻳﻡ
10670381,Altus Tunnel,亚坛坑道,Altustunnel,ﻧﻔﻖ أﻟﺗﻭس
10670390,Sealed Tunnel,封印坑道,Versiegelter Tunnel,اﻟﻧﻔﻖ اﻟﻣﺳﺩود
10670400,Caelid Minor Erdtree,盖利德小黄金树,Niederer Erdenbaum – Caelid,ﻛﺎﻳﻠﻳﺩ ﺷﺟﺭة إرد اﻟﺻﻐﻳﺭة
10670401,Caelem Ruins,奇列姆废墟,Ruinen von Caelem,أﻧﻘﺎض ﻛﺎﻳﻠﻡ
10670402,Caelid Highway South,盖利德大道南方,Südhochstraße von Caelid,ﻁﺭﻳﻖ ﻛﺎﻳﻠﻳﺩ اﻟﺳﺭﻳﻊ اﻟﺟﻧﻭﺑﻲ
10670403,Swamp of Aeonia,艾奥尼亚沼泽,Sumpf von Aeonia,ﻣﺳﺗﻧﻘﻊ أﻳﻭﻧﻳﺎ
10670404,Town of Sorcery,魔法镇瑟利亚,Sellia,ﺳﻳﻠﻳﺎ، ﺑﻠﺩة اﻟﺳﺣﺭ
10670405,Greyoll's Dragonbarrow,,Greyolls Drachenhügel,ﺗﻝ ﺗﻧﻳﻥ ﻏﺭﻳﻳﻭل
10670406,Redmane Castle,红狮子城,Schloss Rotmähne,ﻗﻠﻌﺔ رﻳﺩﻣﺎﻳﻥ
10670407,Wailing Dunes South,,Südliche Klagedünen,ﻛﺛﺑﺎن اﻟﻌﻭﻳﻝ اﻟﺟﻧﻭﺑﻳﺔ
10670408,Dragonbarrow Minor Erdtree,龙墓小黄金树,Niederer Erdenbaum – Drachenhügel,ﺗﻝ ﺗﻧﻳﻥ ﺷﺟﺭة إرد اﻟﺻﻐﻳﺭة
10670409,Farum Greatbridge,法姆大桥,Große Brücke von Farum,ﺟﺳﺭ ﻓﺎروم اﻟﻌﻅﻳﻡ
10670460,Minor Erdtree Catacombs,小黄金树地下墓地,Niederer Erdenbaumkatakomben,ﺳﺭادﻳﺏ ﺷﺟﺭة إرد اﻟﺻﻐﻳﺭة
10670461,Caelid Catacombs,盖利德地下墓地,Katakomben von Caelid,ﺳﺭادﻳﺏ ﻛﺎﻳﻠﻳﺩ
10670462,War-Dead Catacombs,英灵地下墓地,Katakomben der Kriegsopfer,ﺳﺭادﻳﺏ ﻣﻭﺗﻰ اﻟﺣﺭب
10670470,Gaol Cave,牢狱洞窟,Kerkerhöhle,ﻛﻬﻑ اﻟﺳﺟﻥ
10670471,Dragonbarrow Cave,龙墓洞窟,Drachenhügelhöhle,ﻛﻬﻑ ﺗﻝ اﻟﺗﻧﻳﻥ
10670472,Abandoned Cave,废弃洞窟,Verlassene Höhle,اﻟﻛﻬﻑ اﻟﻣﻬﺟﻭر
10670473,Sellia Hideaway,瑟利亚隐藏洞窟,Sellias Versteck,ﻣﺧﺑﺄ ﺳﻳﻠﻳﺎ
10670480,Gael Tunnel,盖尔坑道,Gaeltunnel,ﻧﻔﻖ ﻏﺎﻳﻝ
10670481,Sellia Crystal Tunnel,瑟利亚结晶坑道,Kristalltunnel von Sellia,ﻧﻔﻖ ﺳﻳﻠﻳﺎ اﻟﺑﻠﻭري
10670490,Divine Tower of Caelid,盖利德神授塔,Heiliger Turm von Caelid,ﺑﺭج ﻛﺎﻳﻠﻳﺩ اﻟﺳﻣﺎوي
10670500,Forbidden Lands,禁域,Verbotene Lande,اﻷراﺿﻲ اﻟﻣﺣﻅﻭرة
10670501,Freezing Lake,结冰湖,Eisiger See,اﻟﺑﺣﻳﺭة اﻟﻣﺗﺟﻣﺩة
10670502,Foot of the Forge,火焰大锅下方,Fuß der Schmiede,ﺳﻔﺢ اﻟﻣﺻﻬﺭ
10670503,Mountaintop Minor Erdtree,山顶小黄金树,Niederer Erdenbaum – Berggipfel,أﻋﻠﻰ ﺟﺑﻝ ﺷﺟﺭة إرد اﻟﺻﻐﻳﺭة
10670504,Ancient Valley Ruins,古遗迹山谷,Ruinen des Urtals,أﻧﻘﺎض اﻟﻭادي اﻟﻌﺭﻳﻖ
10670505,Castle Sol,索尔城,Schloss Sol,ﻗﻠﻌﺔ ﺳﻭل
10670506,Freezing River,结冰河,Eisiger Fluss,اﻟﻧﻬﺭ اﻟﻣﺗﺟﻣﺩ
10670507,Snowfield Minor Erdtree,雪原小黄金树,Niederer Erdenbaum – Schneefeld,ﺣﻘﻝ ﺛﻠﺞ ﺷﺟﺭة إرد اﻟﺻﻐﻳﺭة
10670530,Haligtree Canopy,圣树树冠,Haligbaum – Krone,ﻗﺑﺔ ﻫﺎﻟﻳﻐﺗﺭي
10670531,Haligtree Town,圣树镇,Haligbaum – Stadt,ﺑﻠﺩة ﻫﺎﻟﻳﻐﺗﺭي
10670532,Haligtree Town Plaza,圣树镇（广场）,Haligbaum – Stadtplatz,ﺳﺎﺣﺔ ﺑﻠﺩة ﻫﺎﻟﻳﻐﺗﺭي
10670534,Haligtree Promenade,圣树大舞台,Promenade des Haligbaums,ﻣﺗﻧﺯه ﻫﺎﻟﻳﻐﺗﺭي
10670535,Prayer Room,祈祷室,Gebetsraum,ﻏﺭﻓﺔ اﻟﺗﺿﺭع
10670536,Elphael Inner Wall,艾布雷菲尔城墙内部,Elphael – Innenwall,ﺟﺩار إﻟﻔﺎﺋﻳﻝ اﻟﺩاﺧﻠﻲ
10670537,Drainage Channel,排水通道,Abwasserkanal,ﻗﻧﺎة اﻟﺻﺭف اﻟﺻﺣﻲ
10670539,Haligtree Roots,圣树底层,Haligbaum – Wurzeln,ﺟﺫور ﻫﺎﻟﻳﻐﺗﺭي
10670560,Giant-Conquering Hero's Grave,,Grab des heroischen Riesentöters,ﻣﻘﺑﺭة اﻟﺑﻁﻝ اﻟﻌﻣﻼق اﻟﻐﺎزي
10670561,Giants' Mountaintop Catacombs,巨人山顶地下墓地,Katakomben des Riesengipfels,ﺳﺭادﻳﺏ ﻗﻣﻡ ﺟﺑﺎل اﻟﻌﻣﺎﻟﻘﺔ
10670562,Consecrated Snowfield Catacombs,化圣雪原地下墓地,Geweihtes Schneefeld – Katakomben,ﺳﺭادﻳﺏ اﻟﺣﻘﻝ اﻟﺛﻠﺟﻲ اﻟﻣﻘﺩس
10670563,Hidden Path to the Haligtree,通往圣树的密道,Geheimpfad zum Haligbaum,اﻟﻁﺭﻳﻖ اﻟﺧﻔﻲ إﻟﻰ ﻫﺎﻟﻳﻐﺗﺭي
10670570,Cave of the Forlorn,安身洞窟,Höhle der Verlorenen,ﻛﻬﻑ اﻟﻣﻧﺑﻭذ
10670571,Spiritcaller Cave,唤灵洞窟,Höhle des Geisterrufers,ﻛﻬﻑ ﻣﺳﺗﺩﻋﻲ اﻷرواح
10670580,Yelough Anix Tunnel,耶罗·亚尼斯坑道,Tunnel von Yelough Anix,ﻧﻔﻖ ﻳﻠﻭغ أﻧﻳﻛﺱ
10670610,Ainsel River Well Depths,安瑟尔河（井底）,Brunnenboden an der Ainsel,أﻋﻣﺎق ﺑﺋﺭ ﻧﻬﺭ أﻳﻧﺳﻝ
10670611,Ainsel River Sluice Gate,安瑟尔河（水门）,Schleusentor der Ainsel,ﺑﻭاﺑﺔ ﺳﺩ ﻧﻬﺭ أﻳﻧﺳﻝ
10670612,Ainsel River Downstream,安瑟尔河（下游）,Unterlauf der Ainsel,ﻣﺻﺏ ﻧﻬﺭ أﻳﻧﺳﻝ
10670613,Ainsel River Main,,Hauptarm der Ainsel,ﻣﻧﺑﻊ ﻧﻬﺭ أﻳﻧﺳﻝ
10670614,Eternal City,“永恒之城”诺克史黛拉,Nokstella,ﻧﻭﻛﺳﺗﻳﻼ، اﻟﻣﺩﻳﻧﺔ اﻟﺧﺎﻟﺩة
10670615,Lake of Rot Shoreside,腐败湖畔,Ufer des Fäulnissees,ﺳﺎﺣﻝ ﺑﺣﻳﺭة اﻟﻌﻔﻥ
10670616,Grand Cloister,大回廊,Großer Kreuzgang,اﻟﺩﻳﺭ اﻟﻛﺑﻳﺭ
10670620,Siofra River Bank,希芙拉河（岸边）,Ufer des Siofra,ﺿﻔﺔ ﻧﻬﺭ ﺳﻳﻭﻓﺭا
10670621,Worshippers' Woods,信仰者森林,Wald der Jünger,ﻏﺎﺑﺔ اﻷﺗﺑﺎع
10670622,Mimic Tear,仿身泪滴,Imitator-Träne,اﻟﺩﻣﻭع اﻟﻣﺣﺎﻛﻳﺔ
10670623,Ancestral Woods,祖灵森林,Wald der Ahnen,ﻏﺎﺑﺔ اﻷﺳﻼف
10670624,Aqueduct-Facing Cliffs,导水桥旁断崖,Aquäduktklippen,اﻟﺟﺭوف اﻟﻣﻘﺎﺑﻠﺔ ﻟﻠﻘﻧﺎة
10670625,Night's Sacred Ground,黑夜神域,Heilige Stätte der Nacht,أرض اﻟﻠﻳﻝ اﻟﻣﻘﺩﺳﺔ
10670626,Below the Well,出口井的下方,Unter dem Brunnen,أﺳﻔﻝ اﻟﺑﺋﺭ
10670630,Root-Facing Cliffs,树根旁断崖,Wurzelklippen,اﻟﺟﺭوف اﻟﻣﻘﺎﺑﻠﺔ ﻟﻠﺟﺫور
10670631,Great Waterfall Crest,大瀑布顶端,Kamm der Großen Fälle,ﻗﻣﺔ اﻟﺷﻼل اﻟﻌﻅﻳﻡ
10670632,Deeproot Depths,深根底层,Tiefen von Tiefwurz,أﻋﻣﺎق دﻳﺑﺭوت
10670633,Across the Roots,树根前路,Wurzelfurt,ﻋﺑﺭ اﻟﺟﺫور
10670634,The Nameless Eternal City,无名永恒之城,Namenlose Ewige Stadt,اﻟﻣﺩﻳﻧﺔ اﻟﺧﺎﻟﺩة اﻟﻣﺟﻬﻭﻟﺔ
10670650,Palace Approach Ledge-Road,,Palastallee,ﻗﺻﺭ ﻁﺭﻳﻖ اﻟﻣﻧﺣﺩر
10670651,Dynasty Mausoleum Entrance,王朝庙（入口）,Dynastiemausoleum – Eingang,ﻣﺩﺧﻝ ﺿﺭﻳﺢ اﻟﺳﻼﻟﺔ
10670652,Dynasty Mausoleum Midpoint,王朝庙（中段）,Dynastiemausoleum – Mitte,ﻣﻧﺗﺻﻑ ﺿﺭﻳﺢ اﻟﺳﻼﻟﺔ
10670670,Siofra River Well Depths,希芙拉河（井底）,Bodenbrunnen am Siofra,أﻋﻣﺎق ﺑﺋﺭ ﻧﻬﺭ ﺳﻳﻭﻓﺭا
10670671,Eternal City,“永恒之城”诺克隆恩,Nokron,ﻧﻭﻛﺭون، اﻟﻣﺩﻳﻧﺔ اﻟﺧﺎﻟﺩة
10670730,Queen's Bedchamber,女王闺阁,Schlafgemach der Königin,ﻏﺭﻓﺔ ﻧﻭم اﻟﻣﻠﻛﺔ
10670731,Erdtree Sanctuary,黄金树大教堂,Refugium des Erdenbaums,ﻣﻼذ ﺷﺟﺭة إرد
10670740,Crumbling Beast Grave,渐毁野兽墓,Verfallenes Bestiengrab,ﻣﻘﺑﺭة اﻟﻭﺣﺵ اﻟﻣﻧﻬﺎرة
10670741,Crumbling Beast Grave Depths,渐毁野兽墓（深处）,Verfallenes Bestiengrab – Tiefen,أﻋﻣﺎق ﻣﻘﺑﺭة اﻟﻭﺣﺵ اﻟﻣﻧﻬﺎرة
10670742,Tempest-Facing Balcony,龙卷旁露台,Sturmbalkon,ﺷﺭﻓﺔ اﻟﺯوﺑﻌﺔ
10670743,Dragon Temple,龙教堂,Drachentempel,ﻣﻌﺑﺩ اﻟﺗﻧﻳﻥ
10670744,Dragon Temple Altar,龙教堂祭坛,Drachentempel – Altar,ﻣﺫﺑﺢ ﻣﻌﺑﺩ اﻟﺗﻧﻳﻥ
10670745,Dragon Temple Lift,龙教堂（升降机前）,Drachentempel – Aufzug,ﻣﺻﻌﺩ ﻣﻌﺑﺩ اﻟﺗﻧﻳﻥ
10670746,Beside the Great Bridge,大桥侧边,An der Großen Brücke,ﺑﺟﺎﻧﺏ اﻟﺟﺳﺭ اﻟﻌﻅﻳﻡ
10670747,Dragon Temple Rooftop,龙教堂（屋顶）,Drachentempel – Dach,ﺳﻘﻑ ﻣﻌﺑﺩ اﻟﺗﻧﻳﻥ
10670750,Elden Throne,艾尔登宝座,Eldenthron,ﻋﺭش إﻟﺩن
10670800,Western Nameless Mausoleum,西方无名灵庙,Westliches namenloses Mausoleum,اﻟﺿﺭﻳﺢ اﻟﻐﺭﺑﻲ اﻟﻣﺟﻬﻭل
10670801,Lake North of the Greatbridge,大桥北方（湖）,See nördlich der großen Brücke,ﺑﺣﻳﺭة ﺷﻣﺎل اﻟﺟﺳﺭ اﻟﻌﻅﻳﻡ
10670802,Castle Front,城的前方,Vorderseite des Schlosses,واﺟﻬﺔ اﻟﻘﻠﻌﺔ
10670803,Castle-Lord's Chamber,城主的房间,Kammer des Schlossherren,ﻏﺭﻓﺔ ﻟﻭرد اﻟﻘﻠﻌﺔ
10670804,Cerulean Coast,青蓝海岸,Himmelblaues Ufer,اﻟﺳﺎﺣﻝ اﻟﻼزوردي
10670805,Demi-Human Valley,亚人谷,Tal der Halbmenschen,وادي اﻟﻧﺻﻑ ﺑﺷﺭ
10670806,Southern Nameless Mausoleum,南方无名灵庙,Südliches namenloses Mausoleum,اﻟﺿﺭﻳﺢ اﻟﺟﻧﻭﺑﻲ اﻟﻣﺟﻬﻭل
10670807,Drake Graveyard,飞龙墓地,Drachlingfriedhof,ﻣﻘﺑﺭة اﻟﺗﻧﻳﻥ
10670808,Hidden Grave South,隐藏墓地（南方）,Südliches verstecktes Grab,ﺟﻧﻭب اﻟﻘﺑﺭ اﻟﻣﺧﻔﻲ
10670809,Hidden Grave North,隐藏墓地（北方）,Nördliches verstecktes Grab,ﺷﻣﺎل اﻟﻘﺑﺭ اﻟﻣﺧﻔﻲ
10670810,Foot of the Jagged Peak,尖刺山的山脚,Fuß des Klingengipfels,ﺳﻔﺢ اﻟﻘﻣﺔ اﻟﻣﺗﻌﺭﺟﺔ
10670811,Jagged Peak Cavern,尖刺山洞穴,Höhle des Klingengipfels,ﻣﻐﺎرة اﻟﻘﻣﺔ اﻟﻣﺗﻌﺭﺟﺔ
10670812,Jagged Peak Summit,尖刺山（山顶）,Spitze des Klingengipfels,ذروة اﻟﻘﻣﺔ اﻟﻣﺗﻌﺭﺟﺔ
10670813,Lower Level,驱暗地下墓地（最底层）,Dunkellichtkatakomben,ﺳﺭادﻳﺏ اﻟﻧﻭر اﻟﻣﻅﻠﻡ اﻟﻣﺳﺗﻭى اﻟﺳﻠﻔﻲ
10670814,Manse Hall,府邸大厅,Halle des Pfarrhauses,ﻗﺎﻋﺔ اﻟﻘﺻﺭ
10670815,Second Floor Chamber,,Kammer im ersten Stock,ﻏﺭﻓﺔ اﻟﻁﺎﺑﻖ اﻟﺛﺎﻧﻲ
10670830,Stone Coffin Fissure,石棺大洞,Riss im Steinsarg,ﺻﺩع اﻟﺗﺎﺑﻭت اﻟﺣﺟﺭي
10670831,Fissure Depths,大洞深处,Tiefen des Risses,أﻋﻣﺎق اﻟﺻﺩع
10670840,Darkroad Sanctuary,暗路教堂,Refugium am Dunkelweg,ﻣﻼذ اﻟﻁﺭﻳﻖ اﻟﻣﻅﻠﻡ
10670841,Tower Settlement,“塔之镇”贝瑞特,Belurat,ﺑﻳﻠﻭرات، ﻣﺳﺗﻭﻁﻧﺔ اﻟﺑﺭج
10670842,Small Private Altar,民宅小祭坛,Kleiner privater Altar,ﻣﺫﺑﺢ ﺻﻐﻳﺭ ﻣﻐﻠﻖ
10670843,Stagefront,舞台前方,Vorderseite der Bühne,واﺟﻬﺔ اﻟﻣﺗﺟﺭ
10670850,Enir-Ilim: Outer Wall,,Enir-Ilim – Innenwall,إﻧﻳﺭ إﻳﻠﻳﻡ: اﻟﺳﻭر اﻟﺧﺎرﺟﻲ
10670851,First Rise,第一塔,Erster Turm,اﻟﻘﻣﺔ اﻷوﻟﻰ
10670852,Spiral Rise,螺旋塔,Spiralturm,اﻟﻘﻣﺔ اﻟﺣﻠﺯوﻧﻳﺔ
10670853,Cleansing Chamber Anteroom,,Vorraum der Reinigungskammer,ﻣﻧﻁﻘﺔ اﻧﺗﻅﺎر ﻏﺭﻓﺔ اﻟﺗﻁﻬﻳﺭ
10670854,Divine Gate Front Staircase,神之门（门前楼梯平台）,Vordertreppe am göttlichen Portal,اﻟﺩرج اﻷﻣﺎﻣﻲ ﻟﻠﺑﻭاﺑﺔ اﻟﺳﻣﺎوﻳﺔ
10670860,Fog Rift Catacombs,雾谷地下墓地,Nebelriss-Katakomben,ﺳﺭادﻳﺏ ﺻﺩع اﻟﺿﺑﺎب
10670870,Belurat Gaol,贝瑞特监牢,Kerker von Belurat,ﺳﺟﻥ ﺑﻳﻠﻭرات
10670871,Lamenter's Gaol,喟叹监牢,Kerker des Klägers,ﺳﺟﻥ ﻻﻣﻳﻧﺗﺭ
10670880,Dragon's Pit,龙洞,Drachengrube,ﺣﻔﺭة اﻟﺗﻧﻳﻥ
10670900,Moorth Highway,穆斯大道,Straße Moorth,ﻁﺭﻳﻖ ﻣﻭرث اﻟﺳﺭﻳﻊ
10670901,Bear Woods,劳弗下方的熊栖森林,Fuß von Rauh,ﻗﺎﻋﺩة راواه، ﻏﺎﺑﺔ اﻟﺩﺑﺑﺔ
10670902,Northern Nameless Mausoleum,北方无名灵庙,Nördliches namenloses Mausoleum,اﻟﺿﺭﻳﺢ اﻟﺷﻣﺎﻟﻲ اﻟﻣﺟﻬﻭل
10670903,Eastern Nameless Mausoleum,东方无名灵庙,Östliches namenloses Mausoleum,اﻟﺿﺭﻳﺢ اﻟﺷﺭﻗﻲ اﻟﻣﺟﻬﻭل
10670904,Back Gate,幽影城（后门）,Schattenbergfried,ﺣﺻﻥ اﻟﻅﻝ، اﻟﺑﻭاﺑﺔ اﻟﺧﻠﻔﻳﺔ
10670906,Ancient Ruins of Rauh,劳弗古遗迹,Uralte Ruinen von Rauh,أﻧﻘﺎض راوه اﻟﻌﺗﻳﻘﺔ
10670907,Under-Stair,古遗迹（大楼梯下方）,Uralte Ruinen von Rauh,اﻷﻧﻘﺎض اﻟﻌﺗﻳﻘﺔ، أﺳﻔﻝ اﻟﺩرج
10670908,Church of the Bud,花蕾教堂,Kirche der Knospe,ﻛﻧﻳﺳﺔ اﻟﺑﺭﻋﻡ
10670909,Tree-Worship Sanctum,礼树教堂,Refugium des Baumkults,ﻣﺣﺭاب اﺗّﺑﺎع اﻟﺷﺟﺭة
10670910,Hinterland,隐匿之地,Hinterland,اﻷراض اﻟﻧﺎﺋﻳﺔ
10670911,Bear Woods,亚坛的熊栖森林,Altus,أﻟﺗﻭس، ﻏﺎﺑﺎت اﻟﺩﺑﺑﺔ
10670912,Fog Rift Fort,雾谷要塞,Nebelriss-Festung,ﺣﺻﻥ ﺻﺩع اﻟﺿﺑﺎب
10670913,South,穆斯大道（南方）,Straße Moorth,ﻁﺭﻳﻖ ﻣﻭرث اﻟﺳﺭﻳﻊ، اﻟﺟﻧﻭب
10670930,Miyr Hanging Bell,密亚吊钟,Hängende Glocke von Miyr,ﺟﺭس ﻣﺎﻳﺭ اﻟﻣﻌﻠﻖ
10670940,,幽影城（正门）,Schattenbergfried,ﺑﻭاﺑﺔ ﺣﺻﻥ اﻟﻅﻝ اﻟﺧﻠﻔﻳﺔ
10670941,Eingang,,Kirchenbezirk,ﻣﺩﺧﻝ ﻣﻧﻁﻘﺔ اﻟﻛﻧﻳﺳﺔ
10670942,Sunken Chapel,沉水礼拜堂,Versunkene Kapelle,اﻟﻛﻧﻳﺳﺔ اﻟﻐﺎرﻗﺔ
10670943,Tree-Worship Passage,礼树暗道,Passage zum Baumkult,ﻣﻣﺭ اﺗّﺑﺎع اﻟﺷﺟﺭة
10670945,West Rampart,西边城墙,Westlicher Schutzwall,اﻟﺳﻭر اﻟﻐﺭﺑﻲ
10670950,First Floor,保藏库（一楼）,Lagerhaus,اﻟﻣﺧﺯن، اﻟﻁﺎﺑﻖ اﻷول
10670951,Fourth Floor,保藏库（四楼）,Lagerhaus,اﻟﻣﺧﺯن، اﻟﻁﺎﺑﻖ اﻟﺭاﺑﻊ
10670952,Seventh Floor,保藏库（七楼）,Lagerhaus,اﻟﻣﺧﺯن، اﻟﻁﺎﺑﻖ اﻟﺳﺎﺑﻊ
10670953,Dark Chamber Entrance,暗室门前,Eingang zur dunklen Kammer,ﻣﺩﺧﻝ اﻟﻐﺭﻓﺔ اﻟﻣﻅﻠﻣﺔ
10670955,Back Section,保藏库（内区）,Lagerhaus,اﻟﻣﺧﺯن، اﻟﺧﻠﻔﻲ
10670956,Loft,保藏库（阁楼）,Lagerhaus,اﻟﻣﺧﺯن، اﻟﻌﻠﻭي
10670960,Scorpion River Catacombs,蝎河地下墓地,Katakomben am Skorpionsfluss,ﺳﺭادﻳﺏ ﻧﻬﺭ اﻟﻌﻘﺭب
10670961,Darklight Catacombs,驱暗地下墓地,Dunkellichtkatakomben,ﺳﺭادﻳﺏ اﻟﻧﻭر اﻟﻣﻅﻠﻡ
10670970,Bonny Gaol,波尼监牢,Kerker von Bonny,ﺳﺟﻥ ﺑﻭﻧﻲ
10670980,Rivermouth Cave,河尾洞窟,Höhle an der Flussmündung,ﻛﻬﻑ ﻣﺻﺏ اﻟﻧﻬﺭ