ID,NAME,REGION,Name (українська-ukrainian),Регіон (українська-ukrainian),Cheat Engine Dropdown 1,Cheat Engine Dropdown 2,説明 (日本語-japanese),描述 (中文-chinese),Описание (русский-russian),Beschreibung (deutsch-german),La description (français-french),Опис (українська-ukrainian),설명 (한국어-korean)
10002950,Godrick the Grafted,Stormveil Castle,,Замок Штормової завіси,10002950:Godrick the Grafted (Stromveil Castle),10002950:Stromveil Castle - Godrick the Grafted,,,,,,,
10002951,"Margit, the Fell Omen",Stormhill,"Марґіт, Занепалий передвісник",Штормовий пагорб,"10002951:Margit, the Fell Omen (Stormhill)","10002951:Stormhill - Margit, the Fell Omen",,,,,,,
10002952,Castleward Tunnel,Stormhill,Тунель до замку,Штормовий пагорб,10002952:Castleward Tunnel (Stormhill),10002952:Stormhill - Castleward Tunnel,,,,,,,
10002953,Gateside Chamber,Stormhill,Кімната біля воріт,Замок Штормової завіси,10002953:Gateside Chamber (Stromveil Castle),10002953:Stromveil Castle - Gateside Chamber,,,,,,,
10002954,Stormveil Cliffside,Stormveil Castle,Скеля Штормової завіси,Замок Штормової завіси,10002954:Stormveil Cliffside (Stromveil Castle),10002954:Stromveil Castle - Stormveil Cliffside,,,,,,,
10002955,Rampart Tower,Stormveil Castle,Башта,Замок Штормової завіси,10002955:Rampart Tower (Stromveil Castle),10002955:Stromveil Castle - Rampart Tower,,,,,,,
10002956,Liftside Chamber,Stormveil Castle,Кімната біля підйомника,Замок Штормової завіси,10002956:Liftside Chamber (Stromveil Castle),10002956:Stromveil Castle - Liftside Chamber,,,,,,,
10002957,Secluded Cell,Stormveil Castle,Ізольована камера,Замок Штормової завіси,10002957:Secluded Cell (Stromveil Castle),10002957:Stromveil Castle - Secluded Cell,,,,,,,
10002958,Stormveil Main Gate,Stormveil Castle,Головні ворота Штормової завіси,Замок Штормової завіси,10002958:Stormveil Main Gate (Stromveil Castle),10002958:Stromveil Castle - Stormveil Main Gate,,,,,,,
10012020,Chapel of Anticipation (New Game),?,Каплиця очікування (нова гра),,10012020:Chapel of Anticipation (New Game) (?),10012020:? - Chapel of Anticipation (New Game),,,,,,,
11052950,Elden Throne,"Leyndell, Ashen Capital",Трон Елдена,"Лейнделл, столиця попелу","11052950:Elden Throne (Leyndell, Ashen Capital)","11052950:Leyndell, Ashen Capital - Elden Throne",,,,,,,
11052951,Erdtree Sanctuary,"Leyndell, Ashen Capital",Святилище Золотого дерева,"Лейнделл, столиця попелу","11052951:Erdtree Sanctuary (Leyndell, Ashen Capital)","11052951:Leyndell, Ashen Capital - Erdtree Sanctuary",,,,,,,
11052952,East Capital Rampart,"Leyndell, Ashen Capital",Східний мур столиці,"Лейнделл, столиця попелу","11052952:East Capital Rampart (Leyndell, Ashen Capital)","11052952:Leyndell, Ashen Capital - East Capital Rampart",,,,,,,
11052953,"Leyendell, Capital of Ash","Leyndell, Ashen Capital","Лейнделл, столиця попелу","Лейнделл, столиця попелу","11052953:Leyendell, Capital of Ash (Leyndell, Ashen Capital)","11052953:Leyndell, Ashen Capital - Leyendell, Capital of Ash",,,,,,,
11052954,Queen's Bedchamber,"Leyndell, Ashen Capital",Спочивальня королеви,"Лейнделл, столиця попелу","11052954:Queen's Bedchamber (Leyndell, Ashen Capital)","11052954:Leyndell, Ashen Capital - Queen's Bedchamber",,,,,,,
11052955,Divine Bridge,"Leyndell, Ashen Capital",Божественний міст,"Лейнделл, столиця попелу","11052955:Divine Bridge (Leyndell, Ashen Capital)","11052955:Leyndell, Ashen Capital - Divine Bridge",,,,,,,
11102950,Table of Lost Grace,Roundtable Hold,Стіл втраченої благодаті,Цитадель Круглого столу,11102950:Table of Lost Grace (Roundtable Hold),11102950:Roundtable Hold - Table of Lost Grace,,,,,,,
12012950,Dragonkin Soldier of Nokstella,Ainsel River,Драконич-солдат із Нокстелли,Річка Ейнзель,12012950:Dragonkin Soldier of Nokstella (Ansel River),12012950:Ansel River - Dragonkin Soldier of Nokstella,,,,,,,
12012951,Ainsel River Well Depths,Ainsel River,Глибини річки Ейнзель,Річка Ейнзель,12012951:Ainsel River Well Depths (Ansel River),12012951:Ansel River - Ainsel River Well Depths,,,,,,,
12012952,Ainsel River Sluice Gate,Ainsel River,Шлюзові ворота річки Ейнзель,Річка Ейнзель,12012952:Ainsel River Sluice Gate (Ainsel River),12012952:Ainsel River - Ainsel River Sluice Gate,,,,,,,
12012953,Ainsel River Downstream,Ainsel River,Нижня течія річки Ейнзель,Річка Ейнзель,12012953:Ainsel River Downstream (Ainsel River),12012953:Ainsel River - Ainsel River Downstream,,,,,,,
12012954,Ainsel River Main,Ainsel River Main,Основний потік річки Ейнзель,Основний потік річки Ейнзель,12012954:Ainsel River Main (Ainsel River Main),12012954:Ainsel River Main - Ainsel River Main,,,,,,,
12012955,"Nokstella, Eternal City",Ainsel River Main,"Нокстелла, Споконвічне місто",Основний потік річки Ейнзель,"12012955:Nokstella, Eternal City (Ainsel River Main)","12012955:Ainsel River Main - Nokstella, Eternal City",,,,,,,
12012956,Lake of Rot Shoreside,Lake of Rot,Узбережжя озера гнилі,Озеро гнилі,12012956:Lake of Rot Shoreside (Lake of Rot),12012956:Lake of Rot - Lake of Rot Shoreside,,,,,,,
12012958,Grand Cloister,Lake of Rot,Велика галерея,Озеро гнилі,12012958:Grand Cloister (Lake of Rot),12012958:Lake of Rot - Grand Cloister,,,,,,,
12012959,Nokstella Waterfall Basin,Ainsel River Main,Басейн водоспаду Нокстелли,Основний потік річки Ейнзель,12012959:Nokstella Waterfall Basin (Ainsel River Main),12012959:Ainsel River Main - Nokstella Waterfall Basin,,,,,,,
12022950,Great Waterfall Basin,"Nokron, Eternal City",Басейн великого водоспаду,Акведук Сіофри,"12022950:Great Waterfall Basin (Nokron, Eternal City)","12022950:Nokron, Eternal City - Great Waterfall Basin",,,,,,,
12022951,Mimic Tear,"Nokron, Eternal City",Сльоза імітації,Акведук Сіофри,"12022951:Mimic Tear (Nokron, Eternal City)","12022951:Nokron, Eternal City - Mimic Tear",,,,,,,
12022953,Siofra River Bank,Siofra River,Набережна річки Сіофра,Річка Сіофра,12022953:Siofra River Bank (Siofra River),12022953:Siofra River - Siofra River Bank,,,,,,,
12022954,Worshippers' Woods,Siofra River,Ліс вірян,Річка Сіофра,12022954:Worshippers' Woods (Siofra River),12022954:Siofra River - Worshippers' Woods,,,,,,,
12022956,Ancestral Woods,"Nokron, Eternal City",Ліс предків,"Нокрон, Споконвічне місто","12022956:Ancestral Woods (Nokron, Eternal City)","12022956:Nokron, Eternal City - Ancestral Woods",,,,,,,
12022957,Aqueduct-Facing Cliffs,"Nokron, Eternal City",Скелі з краєвидом на акведук,"Нокрон, Споконвічне місто","12022957:Aqueduct-Facing Cliffs (Nokron, Eternal City)","12022957:Nokron, Eternal City - Aqueduct-Facing Cliffs",,,,,,,
12022958,Night's Sacred Ground,"Nokron, Eternal City",Священна земля Ночі,"Нокрон, Споконвічне місто","12022958:Night's Sacred Ground (Nokron, Eternal City)","12022958:Nokron, Eternal City - Night's Sacred Ground",,,,,,,
12022959,Below the Well,Siofra River,Під колодязем,Річка Сіофра,12022959:Below the Well (Siofra River),12022959:Siofra River - Below the Well,,,,,,,
12032950,Prince of Death's Throne,Deeproot Depths,Трон Принца смерті,Кореневі глибини,12032950:Prince of Death's Throne (Deeproot Depths),12032950:Deeproot Depths - Prince of Death's Throne,,,,,,,
12032951,Root-Facing Cliffs,Deeproot Depths,Скелі з краєвидом на коріння,Кореневі глибини,12032951:Root-Facing Cliffs (Deeproot Depths),12032951:Deeproot Depths - Root-Facing Cliffs,,,,,,,
12032952,Great Waterfall Crest,Deeproot Depths,Вершина великого водоспаду,Кореневі глибини,12032952:Great Waterfall Crest (Deeproot Depths),12032952:Deeproot Depths - Great Waterfall Crest,,,,,,,
12032953,Deeproot Depths,Deeproot Depths,Кореневі глибини,Кореневі глибини,12032953:Deeproot Depths (Deeproot Depths),12032953:Deeproot Depths - Deeproot Depths,,,,,,,
12032954,The Nameless Eternal City,Deeproot Depths,Безіменне Споконвічне місто,Кореневі глибини,12032954:The Nameless Eternal City (Deeproot Depths),12032954:Deeproot Depths - The Nameless Eternal City,,,,,,,
12032955,Across the Roots,Deeproot Depths,Повз коріння,Кореневі глибини,12032955:Across the Roots (Deeproot Depths),12032955:Deeproot Depths - Across the Roots,,,,,,,
12042950,"Astel, Naturalborn of the Void",Ainsel River,"Астель, Породження порожнечі",Річка Ейнзель,"12042950:Astel, Naturalborn of the Void (Ainsel River)","12042950:Ainsel River - Astel, Naturalborn of the Void",,,,,,,
12052950,Cocoon of the Empyrean,Moghwyn Palace,Емпірійський кокон,Палац Моґвинів,12052950:Cocoon of the Empyrean (Moghwyn Palace),12052950:Moghwyn Palace - Cocoon of the Empyrean,,,,,,,
12052951,Palace Approach Ledge-Road,Moghwyn Palace,Скеляста дорога до палацу,Палац Моґвинів,12052951:Palace Approach Ledge-Road (Moghwyn Palace),12052951:Moghwyn Palace - Palace Approach Ledge-Road,,,,,,,
12052952,Dynasty Mausoleum Entrance,Moghwyn Palace,Вхід до династійного мавзолею,Палац Моґвинів,12052952:Dynasty Mausoleum Entrance (Moghwyn Palace),12052952:Moghwyn Palace - Dynasty Mausoleum Entrance,,,,,,,
12052953,Dynasty Mausoleum Midpoint,Moghwyn Palace,Центр династійного мавзолею,Палац Моґвинів,12052953:Dynasty Mausoleum Midpoint (Moghwyn Palace),12052953:Moghwyn Palace - Dynasty Mausoleum Midpoint,,,,,,,
12072950,Siofra River Well Depths,Siofra River,Глибини річки Сіофра,Річка Сіофра,12072950:Siofra River Well Depths (Siofra River),12072950:Siofra River - Siofra River Well Depths,,,,,,,
12072951,"Nokron, Eternal City","Nokron, Eternal City","Нокрон, Споконвічне місто","Нокрон, Споконвічне місто","12072951:Nokron, Eternal City (Nokron, Eternal City)","12072951:Nokron, Eternal City - Nokron, Eternal City",,,,,,,
13002950,"Maliketh, the Black Blade",Crumbling Farum Azula,"Малікет, Чорний клинок",Занепалий Фарум Азула,"13002950:Maliketh, the Black Blade (Crumbling Farum Azula)","13002950:Crumbling Farum Azula - Maliketh, the Black Blade",,,,,,,
13002951,Dragonlord Placidusax,Crumbling Farum Azula,Володар драконів Пласидусакс,Занепалий Фарум Азула,13002951:Dragonlord Placidusax (Crumbling Farum Azula),13002951:Crumbling Farum Azula - Dragonlord Placidusax,,,,,,,
13002952,Dragon Temple Altar,Crumbling Farum Azula,Вівтар храму дракона,Занепалий Фарум Азула,13002952:Dragon Temple Altar (Crumbling Farum Azula),13002952:Crumbling Farum Azula - Dragon Temple Altar,,,,,,,
13002953,Crumbling Beast Grave,Crumbling Farum Azula,Занедбана могила звіра,Занепалий Фарум Азула,13002953:Crumbling Beast Grave (Crumbling Farum Azula),13002953:Crumbling Farum Azula - Crumbling Beast Grave,,,,,,,
13002954,Crumbling Beast Grave Depths,Crumbling Farum Azula,Глибини занедбаної могили звіра,Занепалий Фарум Азула,13002954:Crumbling Beast Grave Depths (Crumbling Farum Azula),13002954:Crumbling Farum Azula - Crumbling Beast Grave Depths,,,,,,,
13002955,Tempest-Facing Balcony,Crumbling Farum Azula,Тераса з краєвидом на шторм,Занепалий Фарум Азула,13002955:Tempest-Facing Balcony (Crumbling Farum Azula),13002955:Crumbling Farum Azula - Tempest-Facing Balcony,,,,,,,
13002956,Dragon Temple,Crumbling Farum Azula,Храм дракона,Занепалий Фарум Азула,13002956:Dragon Temple (Crumbling Farum Azula),13002956:Crumbling Farum Azula - Dragon Temple,,,,,,,
13002957,Dragon Temple Transept,Crumbling Farum Azula,Трансепт храму дракона,Занепалий Фарум Азула,13002957:Dragon Temple Transept (Crumbling Farum Azula),13002957:Crumbling Farum Azula - Dragon Temple Transept,,,,,,,
13002958,Dragon Temple Lift,Crumbling Farum Azula,Підйомник храму дракона,Занепалий Фарум Азула,13002958:Dragon Temple Lift (Crumbling Farum Azula),13002958:Crumbling Farum Azula - Dragon Temple Lift,,,,,,,
13002959,Dragon Temple Rooftop,Crumbling Farum Azula,Дах храму дракона,Занепалий Фарум Азула,13002959:Dragon Temple Rooftop (Crumbling Farum Azula),13002959:Crumbling Farum Azula - Dragon Temple Rooftop,,,,,,,
13002960,Beside the Great Bridge,Crumbling Farum Azula,Біля великого мосту,Занепалий Фарум Азула,13002960:Beside the Great Bridge (Crumbling Farum Azula),13002960:Crumbling Farum Azula - Beside the Great Bridge,,,,,,,
14002950,Raya Lucaria Grand Library,Academy of Raya Lucaria,Велика бібліотека Рая-Лукарії,Академія Рая-Лукарія,14002950:Raya Lucaria Grand Library (Academy of Raya Lucaria),14002950:Academy of Raya Lucaria - Raya Lucaria Grand Library,,,,,,,
14002951,Debate Parlour,Academy of Raya Lucaria,Зала дебатів,Академія Рая-Лукарія,14002951:Debate Parlour (Academy of Raya Lucaria),14002951:Academy of Raya Lucaria - Debate Parlour,,,,,,,
14002952,Church of the Cuckoo,Academy of Raya Lucaria,Церква зозулі,Академія Рая-Лукарія,14002952:Church of the Cuckoo (Academy of Raya Lucaria),14002952:Academy of Raya Lucaria - Church of the Cuckoo,,,,,,,
14002953,Schoolhouse Classroom,Academy of Raya Lucaria,Кімната в академії,Академія Рая-Лукарія,14002953:Schoolhouse Classroom (Academy of Raya Lucaria),14002953:Academy of Raya Lucaria - Schoolhouse Classroom,,,,,,,
15002950,"Malenia, Godess of Rot","Elphael, Brace of the Haligtree","Маленія, богиня гнилі","Ельфаель, Опора Святого дерева","15002950:Malenia, Godess of Rot (Elphael, Brace of the Haligtree)","15002950:Elphael, Brace of the Haligtree - Malenia, Godess of Rot",,,,,,,
15002951,Prayer Room,"Elphael, Brace of the Haligtree",Молитовня,"Ельфаель, Опора Святого дерева","15002951:Prayer Room (Elphael, Brace of the Haligtree)","15002951:Elphael, Brace of the Haligtree - Prayer Room",,,,,,,
15002952,Elphael Inner Wall,"Elphael, Brace of the Haligtree",Внутрішня стіна Ельфаеля,"Ельфаель, Опора Святого дерева","15002952:Elphael Inner Wall (Elphael, Brace of the Haligtree)","15002952:Elphael, Brace of the Haligtree - Elphael Inner Wall",,,,,,,
15002953,Drainage Channel,"Elphael, Brace of the Haligtree",Водовідвідний канал,"Ельфаель, Опора Святого дерева","15002953:Drainage Channel (Elphael, Brace of the Haligtree)","15002953:Elphael, Brace of the Haligtree - Drainage Channel",,,,,,,
15002954,Haligtree Roots,"Elphael, Brace of the Haligtree",Коріння Святого дерева,"Ельфаель, Опора Святого дерева","15002954:Haligtree Roots (Elphael, Brace of the Haligtree)","15002954:Elphael, Brace of the Haligtree - Haligtree Roots",,,,,,,
15002955,Haligtree Promenade,Miquella's Haligtree,Променад Святого дерева,Святе дерево Мікелли,15002955:Haligtree Promenade (Miquella's Haligtree),15002955:Miquella's Haligtree - Haligtree Promenade,,,,,,,
15002956,Haligtree Canopy,Miquella's Haligtree,Крона Святого дерева,Святе дерево Мікелли,15002956:Haligtree Canopy (Miquella's Haligtree),15002956:Miquella's Haligtree - Haligtree Canopy,,,,,,,
15002957,Haligtree Town,Miquella's Haligtree,Місто Святого дерева,Святе дерево Мікелли,15002957:Haligtree Town (Miquella's Haligtree),15002957:Miquella's Haligtree - Haligtree Town,,,,,,,
15002958,Haligtree Town Plaza,Miquella's Haligtree,Площа міста Святого дерева,Святе дерево Мікелли,15002958:Haligtree Town Plaza (Miquella's Haligtree),15002958:Miquella's Haligtree - Haligtree Town Plaza,,,,,,,
16002950,"Rykard, Lord of Blasphemy",Volcano Manor,"Рікард, Володар блюзнірства",Вулканічний маєток,"16002950:Rykard, Lord of Blasphemy (Volcano Manor)","16002950:Volcano Manor - Rykard, Lord of Blasphemy",,,,,,,
16002951,Temple of Eiglay,Volcano Manor,Храм Еґлі,Вулканічний маєток,16002951:Temple of Eiglay (Volcano Manor),16002951:Volcano Manor - Temple of Eiglay,,,,,,,
16002952,Volcano Manor,Volcano Manor,Вулканічний маєток,Вулканічний маєток,16002952:Volcano Manor (Volcano Manor),16002952:Volcano Manor - Volcano Manor,,,,,,,
16002953,Prison Town Church,Volcano Manor,Церква міста-в'язниці,Вулканічний маєток,16002953:Prison Town Church (Volcano Manor),16002953:Volcano Manor - Prison Town Church,,,,,,,
16002954,Guest Hall,Volcano Manor,Вітальня,Вулканічний маєток,16002954:Guest Hall (Volcano Manor),16002954:Volcano Manor - Guest Hall,,,,,,,
16002960,Audience Pathway,Volcano Manor,Шлях аудієнцій,Вулканічний маєток,16002960:Audience Pathway (Volcano Manor),16002960:Volcano Manor - Audience Pathway,,,,,,,
16002962,Abductor Virgin,Volcano Manor,Діва-викрадачка,Вулканічний маєток,16002962:Abductor Virgin (Volcano Manor),16002962:Volcano Manor - Abductor Virgin,,,,,,,
16002964,Subterranean Inquisition Chamber,Volcano Manor,Підземна кімната інквізиції,Вулканічний маєток,16002964:Subterranean Inquisition Chamber (Volcano Manor),16002964:Volcano Manor - Subterranean Inquisition Chamber,,,,,,,
18002950,Cave of Knowledge,Stranded Graveyard,Печера знань,Прибережний цвинтар,18002950:Cave of Knowledge (Stranded Graveyard),18002950:Stranded Graveyard - Cave of Knowledge,,,,,,,
18002951,Stranded Graveyard,Stranded Graveyard,Прибережний цвинтар,Прибережний цвинтар,18002951:Stranded Graveyard (Stranded Graveyard),18002951:Stranded Graveyard - Stranded Graveyard,,,,,,,
19002950,Fractured Marika,Stone Platform,Розбита Маріка,Кам'яна платформа,19002950:Fractured Marika (Stone Platform),19002950:Stone Platform - Fractured Marika,,,,,,,
30002950,Tombsward Catacombs,Weeping Peninsula,Катакомби гробниць,Півострів плачу,30002950:Tombsward Catacombs (Weeping Peninsula),30002950:Weeping Peninsula - Tombsward Catacombs,,,,,,,
30012950,Impaler's Catacombs,Weeping Peninsula,Катакомби проштрикувача,Півострів плачу,30012950:Impaler's Catacombs (Weeping Peninsula),30012950:Weeping Peninsula - Impaler's Catacombs,,,,,,,
30022950,Stormfoot Catacombs,Limgrave,Катакомби штормового підніжжя,Замогилля,30022950:Stormfoot Catacombs (Limgrave),30022950:Limgrave - Stormfoot Catacombs,,,,,,,
30032950,Road's End Catacombs,Liurnia of the Lakes,Катакомби в кінці дороги,Озерна Ліурнія,30032950:Road's End Catacombs (Liurnia of the Lakes),30032950:Liurnia of the Lakes - Road's End Catacombs,,,,,,,
30042950,Murkwater Catacombs,Limgrave,Катакомби каламутних вод,Замогилля,30042950:Murkwater Catacombs (Limgrave),30042950:Limgrave - Murkwater Catacombs,,,,,,,
30052950,Black Knife Catacombs,Liurnia of the Lakes,Катакомби Чорного ножа,Озерна Ліурнія,30052950:Black Knife Catacombs (Liurnia of the Lakes),30052950:Liurnia of the Lakes - Black Knife Catacombs,,,,,,,
30062950,Cliffbottom Catacombs,Liurnia of the Lakes,Катакомби біля підніжжя скелі,Озерна Ліурнія,30062950:Cliffbottom Catacombs (Liurnia of the Lakes),30062950:Liurnia of the Lakes - Cliffbottom Catacombs,,,,,,,
30072950,Wyndham Catacombs,Altus Plateau,Катакомби Віндгема,Плато Альтус,30072950:Wyndham Catacombs (Altus Plateau),30072950:Altus Plateau - Wyndham Catacombs,,,,,,,
30082950,Sainted Hero's Grave,Altus Plateau,Могила святого героя,Плато Альтус,30082950:Sainted Hero's Grave (Altus Plateau),30082950:Altus Plateau - Sainted Hero's Grave,,,,,,,
30092950,Gelmir Hero's Grave,Mt. Gelmir,Могила героя Ґельмір,Гора Ґельмір,30092950:Gelmir Hero's Grave (Mt. Gelmir),30092950:Mt. Gelmir - Gelmir Hero's Grave,,,,,,,
30102950,Auzira Hero's Grave,"Leyndell, Royal Capital",Могила героя Аурізи,Околиці столиці,"30102950:Auzira Hero's Grave (Leyndell, Royal Capital)","30102950:Leyndell, Royal Capital - Auzira Hero's Grave",,,,,,,
30112950,Deathtouched Catacombs,Limgrave,Прокляті смертю катакомби,Замогилля,30112950:Deathtouched Catacombs (Limgrave),30112950:Limgrave - Deathtouched Catacombs,,,,,,,
30122950,Unsightly Catacombs,Altus Plateau,Огидні катакомби,Плато Альтус,30122950:Unsightly Catacombs (Altus Plateau),30122950:Altus Plateau - Unsightly Catacombs,,,,,,,
30132950,Auriza Side Tomb,"Leyndell, Royal Capital",Бокова гробниця Аурізи,Околиці столиці,"30132950:Auriza Side Tomb (Leyndell, Royal Capital)","30132950:Leyndell, Royal Capital - Auriza Side Tomb",,,,,,,
30142950,Minor Eerdtree Catacombs,Caelid,Катакомби малого Золотого дерева,Кейлід,30142950:Minor Eerdtree Catacombs (Caelid),30142950:Caelid - Minor Eerdtree Catacombs,,,,,,,
30152950,Caelid Catacombs,Caelid,Катакомби Кейліда,Кейлід,30152950:Caelid Catacombs (Caelid),30152950:Caelid - Caelid Catacombs,,,,,,,
30162950,War-Dead Catacombs,Caelid,Катакомби полеглих воїнів,Кейлід,30162950:War-Dead Catacombs (Caelid),30162950:Caelid - War-Dead Catacombs,,,,,,,
30172950,Giant-Conquering Hero's Grave,Flame Peak,"Катакомби героя, переможця велетнів",Полум'яна вершина,30172950:Giant-Conquering Hero's Grave (Flame Peak),30172950:Flame Peak - Giant-Conquering Hero's Grave,,,,,,,
30182950,Giant's Mountaintop Catacombs,Flame Peak,Катакомби Гірських вершин велетнів,Полум'яна вершина,30182950:Giant's Mountaintop Catacombs (Flame Peak),30182950:Flame Peak - Giant's Mountaintop Catacombs,,,,,,,
30192950,Consecrated Snowfield Catacombs,Consecrated Snowfield,Катакомби у священній сніговий долині,Священна снігова долина,30192950:Consecrated Snowfield Catacombs (Consecrated Snowfield),30192950:Consecrated Snowfield - Consecrated Snowfield Catacombs,,,,,,,
30202950,Hidden Path to the Haligtree,Forbidden Lands,Таємний шлях до Святого дерева,Заборонені землі,30202950:Hidden Path to the Haligtree (Forbidden Lands),30202950:Forbidden Lands - Hidden Path to the Haligtree,,,,,,,
31002950,Murkwater Cave,Limgrave,Печера Каламутних вод,Замогилля,31002950:Murkwater Cave (Limgrave),31002950:Limgrave - Murkwater Cave,,,,,,,
31012950,Earthbore Cave,Weeping Peninsula,Видовбана печера,Півострів плачу,31012950:Earthbore Cave (Weeping Peninsula),31012950:Weeping Peninsula - Earthbore Cave,,,,,,,
31022950,Tombsward Cave,Weeping Peninsula,Печера гробниць,Півострів плачу,31022950:Tombsward Cave (Weeping Peninsula),31022950:Weeping Peninsula - Tombsward Cave,,,,,,,
31032950,Groveside Cave,Limgrave,Печера в гаю,Замогилля,31032950:Groveside Cave (Limgrave),31032950:Limgrave - Groveside Cave,,,,,,,
31042950,Stillwater Cave,Liurnia of the Lakes,Печера затхлих вод,Озерна Ліурнія,31042950:Stillwater Cave (Liurnia of the Lakes),31042950:Liurnia of the Lakes - Stillwater Cave,,,,,,,
31052950,Lakeside Crystal Cave,Liurnia of the Lakes,Кристалічна печера біля озера,Озерна Ліурнія,31052950:Lakeside Crystal Cave (Liurnia of the Lakes),31052950:Liurnia of the Lakes - Lakeside Crystal Cave,,,,,,,
31062950,Academy Crystal Cave,Liurnia of the Lakes,Кристалічна печера академії,Озерна Ліурнія,31062950:Academy Crystal Cave (Liurnia of the Lakes),31062950:Liurnia of the Lakes - Academy Crystal Cave,,,,,,,
31072950,Seethewater Cave,Mt. Gelmir,Печера гарячих джерел,Гора Ґельмір,31072950:Seethewater Cave (Mt. Gelmir),31072950:Mt. Gelmir - Seethewater Cave,,,,,,,
31092950,Volcano Cave,Mt. Gelmir,Вулканічна печера,Гора Ґельмір,31092950:Volcano Cave (Mt. Gelmir),31092950:Mt. Gelmir - Volcano Cave,,,,,,,
31102950,Dragonbarrow Cave,Greyoll's Dragonbarrow,Печера драконячого кургану,Драконячий курган Ґрейолли,31102950:Dragonbarrow Cave (Greyoll's Dragonbarrow),31102950:Greyoll's Dragonbarrow - Dragonbarrow Cave,,,,,,,
31112950,Sellia Hideaway,Greyoll's Dragonbarrow,Схованка в Селлії,Драконячий курган Ґрейолли,31112950:Sellia Hideaway (Greyoll's Dragonbarrow),31112950:Greyoll's Dragonbarrow - Sellia Hideaway,,,,,,,
31122950,Cave of the Forlorn,Consecrated Snowfield,Печера покинутих,Священна снігова долина,31122950:Cave of the Forlorn (Consecrated Snowfield),31122950:Consecrated Snowfield - Cave of the Forlorn,,,,,,,
31152950,Coastal Cave,Limgrave,Прибережна печера,Замогилля,31152950:Coastal Cave (Limgrave),31152950:Limgrave - Coastal Cave,,,,,,,
31172950,Highroad Cave,Limgrave,Печера при дорозі,Замогилля,31172950:Highroad Cave (Limgrave),31172950:Limgrave - Highroad Cave,,,,,,,
31182950,Perfumer's Grotto,Altus Plateau,Грот парфумера,Плато Альтус,31182950:Perfumer's Grotto (Altus Plateau),31182950:Altus Plateau - Perfumer's Grotto,,,,,,,
31192950,Sage's Cave,Altus Plateau,Печера мудреця,Плато Альтус,31192950:Sage's Cave (Altus Plateau),31192950:Altus Plateau - Sage's Cave,,,,,,,
31202950,Abandoned Cave,Caelid,Покинута печера,Кейлід,31202950:Abandoned Cave (Caelid),31202950:Caelid - Abandoned Cave,,,,,,,
31212950,Gaol Cave,Caelid,Печера-темниця,Кейлід,31212950:Gaol Cave (Caelid),31212950:Caelid - Gaol Cave,,,,,,,
31222950,Spiritcaller's Cave,Mountaintops of the Giants,Печера викликача духів,Гірські вершини велетнів,31222950:Spiritcaller's Cave (Mountaintops of the Giants),31222950:Mountaintops of the Giants - Spiritcaller's Cave,,,,,,,
32002950,Morne Tunnel,Weeping Peninsula,Тунель Морна,Півострів плачу,32002950:Morne Tunnel (Weeping Peninsula),32002950:Weeping Peninsula - Morne Tunnel,,,,,,,
32012950,Limgrave Tunnels,Limgrave,Тунелі Замогилля,Замогилля,32012950:Limgrave Tunnels (Limgrave),32012950:Limgrave - Limgrave Tunnels,,,,,,,
32022950,Raya Lucaria Crystal Tunnel,Liurnia of the Lakes,Кристалічний тунель Рая-Лукарії,Озерна Ліурнія,32022950:Raya Lucaria Crystal Tunnel (Liurnia of the Lakes),32022950:Liurnia of the Lakes - Raya Lucaria Crystal Tunnel,,,,,,,
32042950,Old Altus Tunnel,Altus Plateau,Старий тунель Альтус,Плато Альтус,32042950:Old Altus Tunnel (Altus Plateau),32042950:Altus Plateau - Old Altus Tunnel,,,,,,,
32052950,Altus Tunnel,Altus Plateau,Тунель Альтус,Плато Альтус,32052950:Altus Tunnel (Altus Plateau),32052950:Altus Plateau - Altus Tunnel,,,,,,,
32072950,Gael Tunnel,Caelid,Тунель Ґаель,Кейлід,32072950:Gael Tunnel (Caelid),32072950:Caelid - Gael Tunnel,,,,,,,
32072951,Rear Gael Tunnel Entrance,Caelid,Чорний хід до тунелю Ґаель,Кейлід,32072951:Rear Gael Tunnel Entrance (Caelid),32072951:Caelid - Rear Gael Tunnel Entrance,,,,,,,
32082950,Sellia Crystal Tunnel,Caelid,Кристалічний тунель Селлії,Кейлід,32082950:Sellia Crystal Tunnel (Caelid),32082950:Caelid - Sellia Crystal Tunnel,,,,,,,
32112950,Yelough Anix Tunnel,Consecrated Snowfield,Тунель жовтого анікса,Священна снігова долина,32112950:Yelough Anix Tunnel (Cosecrated Snowfield),32112950:Cosecrated Snowfield - Yelough Anix Tunnel,,,,,,,
34102950,Limgrave Tower Bridge,Stormhill,Місто до вежі Замогилля,Штормовий пагорб,34102950:Limgrave Tower Bridge (Stormhill),34102950:Stormhill - Limgrave Tower Bridge,,,,,,,
34102952,Divine Tower of Limgrave,Stormhill,Божественна вежа Замогилля,Штормовий пагорб,34102952:Divine Tower of Limgrave (Stormhill),34102952:Stormhill - Divine Tower of Limgrave,,,,,,,
34112950,Study Hall Entrance,Liurnia of the Lakes,Вхід до навчальної зали,Озерна Ліурнія,34112950:Study Hall Entrance (Liurnia of the Lakes),34112950:Liurnia of the Lakes - Study Hall Entrance,,,,,,,
34112951,Liurnia Tower Bridge,Liurnia of the Lakes,Міст до вежі Ліурнії,Озерна Ліурнія,34112951:Liurnia Tower Bridge (Liurnia of the Lakes),34112951:Liurnia of the Lakes - Liurnia Tower Bridge,,,,,,,
34112952,Divine Tower of Liurnia,Liurnia of the Lakes,Божественна вежа Ліурнії,Озерна Ліурнія,34112952:Divine Tower of Liurnia (Liurnia of the Lakes),34112952:Liurnia of the Lakes - Divine Tower of Liurnia,,,,,,,
34122950,Divine Tower of West Altus,Altus Plateau,Божественна вежа західного Альтуса,Плато Альтус,34122950:Divine Tower of West Altus (Altus Plateau),34122950:Altus Plateau - Divine Tower of West Altus,,,,,,,
34122951,Sealed Tunnel,"Leyndell, Royal Capital",Запечатаний тунель,Околиці столиці,"34122951:Sealed Tunnel (Leyndell, Royal Capital)","34122951:Leyndell, Royal Capital - Sealed Tunnel",,,,,,,
34122952,Divine Tower of West Altus: Gate,Altus Plateau,Божественна вежа західного Альтуса: ворота,Плато Альтус,34122952:Divine Tower of West Altus: Gate (Altus Plateau),34122952:Altus Plateau - Divine Tower of West Altus: Gate,,,,,,,
34132951,Divine Tower of Caelid: Basement,Greyoll's Dragonbarrow,Божественна вежа Кейліда: підвал,Драконячий курган Ґрейолли,34132951:Divine Tower of Caelid: Basement (Greyoll's Dragonbarrow),34132951:Greyoll's Dragonbarrow - Divine Tower of Caelid: Basement,,,,,,,
34132952,Divine Tower of Caelid: Center,Greyoll's Dragonbarrow,Божественна вежа Кейліда: центр,Драконячий курган Ґрейолли,34132952:Divine Tower of Caelid: Center (Greyoll's Dragonbarrow),34132952:Greyoll's Dragonbarrow - Divine Tower of Caelid: Center,,,,,,,
34142950,Divine Tower of the East Altus: Gate,Forbidden Lands,Божественна вежа східного Альтуса: ворота,Заборонені землі,34142950:Divine Tower of the East Altus: Gate (Forbidden Lands),34142950:Forbidden Lands - Divine Tower of the East Altus: Gate,,,,,,,
34142951,Divine Tower of the East Altus,Forbidden Lands,Божественна вежа східного Альтуса,Заборонені землі,34142951:Divine Tower of the East Altus (Forbidden Lands),34142951:Forbidden Lands - Divine Tower of the East Altus,,,,,,,
34152950,Isolated Divine Tower,Greyoll's Dragonbarrow,Ізольована божественна вежа,Драконячий курган Ґрейолли,34152950:Isolated Divine Tower (Greyoll's Dragonbarrow),34152950:Greyoll's Dragonbarrow - Isolated Divine Tower,,,,,,,
35002950,Cathedral of the Forsaken,Subterranean Shunning-Grounds,Собор покинутих,Покинуте підземелля,35002950:Cathedral of the Forsaken (Subterranean Shunning-Grounds),35002950:Subterranean Shunning-Grounds - Cathedral of the Forsaken,,,,,,,
35002951,Underground Roadside,Subterranean Shunning-Grounds,Підземне узбіччя,Покинуте підземелля,35002951:Underground Roadside (Subterranean Shunning-Grounds),35002951:Subterranean Shunning-Grounds - Underground Roadside,,,,,,,
35002952,Forsaken Depths,Subterranean Shunning-Grounds,Покинуті глибини,Покинуте підземелля,35002952:Forsaken Depths (Subterranean Shunning-Grounds),35002952:Subterranean Shunning-Grounds - Forsaken Depths,,,,,,,
35002953,Leyndell Catacombs,Subterranean Shunning-Grounds,Катакомби Лейнделла,Покинуте підземелля,35002953:Leyndell Catacombs (Subterranean Shunning-Grounds),35002953:Subterranean Shunning-Grounds - Leyndell Catacombs,,,,,,,
35002954,Frenzied Flame Proscription,Subterranean Shunning-Grounds,Проскрипція Полум'я несамовитості,Покинуте підземелля,35002954:Frenzied Flame Proscription (Subterranean Shunning-Grounds),35002954:Subterranean Shunning-Grounds - Frenzied Flame Proscription,,,,,,,
39202950,Magma Wyrm,Ruin-Strewn Precipice,Магмовий змій Макар,Усіяна руїнами прірва,39202950:Magma Wyrm (Ruin-Strewn Precipice),39202950:Ruin-Strewn Precipice - Magma Wyrm,,,,,,,
39202951,Ruin-Strewn Precipice,Ruin-Strewn Precipice,Усіяна руїнами прірва,Усіяна руїнами прірва,39202951:Ruin-Strewn Precipice (Ruin-Strewn Precipice),39202951:Ruin-Strewn Precipice - Ruin-Strewn Precipice,,,,,,,
39202952,Ruin-Strewn Precipice Overlook,Ruin-Strewn Precipice,Оглядове місце усіяної руїнами прірви,Усіяна руїнами прірва,39202952:Ruin-Strewn Precipice Overlook (Ruin-Strewn Precipice),39202952:Ruin-Strewn Precipice - Ruin-Strewn Precipice Overlook,,,,,,,
1033402950,Altar South,Moonlight Altar,Південний вівтар,Вівтар місячного сяйва,1033402950:Altar South (Moonlight Altar),1033402950:Moonlight Altar - Altar South,,,,,,,
1033442950,Revenger's Shack,Liurnia of the Lakes,Хатина месника,Озерна Ліурнія,1033442950:Revenger's Shack (Liurnia of the Lakes),1033442950:Liurnia of the Lakes - Revenger's Shack,,,,,,,
1033462950,Foot of the Four Belfries,Liurnia of the Lakes,Підніжжя чотирьох дзвіниць,Озерна Ліурнія,1033462950:Foot of the Four Belfries (Liurnia of the Lakes),1033462950:Liurnia of the Lakes - Foot of the Four Belfries,,,,,,,
1033472950,The Four Belfries,Liurnia of the Lakes,Чотири дзвіниці,Озерна Ліурнія,1033472950:The Four Belfries (Liurnia of the Lakes),1033472950:Liurnia of the Lakes - The Four Belfries,,,,,,,
1034412950,Moonlight Altar,Moonlight Altar,Вівтар місячного сяйва,Вівтар місячного сяйва,1034412950:Moonlight Altar (Moonlight Altar),1034412950:Moonlight Altar - Moonlight Altar,,,,,,,
1034422950,Village of the Albinaurics,Liurnia of the Lakes,Селище альбінорів,Озерна Ліурнія,1034422950:Village of the Albinaurics (Liurnia of the Lakes),1034422950:Liurnia of the Lakes - Village of the Albinaurics,,,,,,,
1034432950,Converted Tower,Liurnia of the Lakes,Переобладнана вежа,Озерна Ліурнія,1034432950:Converted Tower (Liurnia of the Lakes),1034432950:Liurnia of the Lakes - Converted Tower,,,,,,,
1034442950,Temple Quarter,Liurnia of the Lakes,Храмовий квартал,Озерна Ліурнія,1034442950:Temple Quarter (Liurnia of the Lakes),1034442950:Liurnia of the Lakes - Temple Quarter,,,,,,,
1034462950,Crystalline Woods,Liurnia of the Lakes,Кристалічний ліс,Озерна Ліурнія,1034462950:Crystalline Woods (Liurnia of the Lakes),1034462950:Liurnia of the Lakes - Crystalline Woods,,,,,,,
1034472951,Sorcerer's Isle,Liurnia of the Lakes,Острів чародія,Озерна Ліурнія,1034472951:Sorcerer's Isle (Liurnia of the Lakes),1034472951:Liurnia of the Lakes - Sorcerer's Isle,,,,,,,
1034482950,Northern Liurnia Lake Shore,Liurnia of the Lakes,Північний берег озера Ліурнії,Озерна Ліурнія,1034482950:Northern Liurnia Lake Shore (Liurnia of the Lakes),1034482950:Liurnia of the Lakes - Northern Liurnia Lake Shore,,,,,,,
1034492950,Road to the Manor,Liurnia of the Lakes,Дорога до маєтку,Озерна Ліурнія,1034492950:Road to the Manor (Liurnia of the Lakes),1034492950:Liurnia of the Lakes - Road to the Manor,,,,,,,
1034502950,Ranni's Rise,Liurnia of the Lakes,Вежа Ранні,Озерна Ліурнія,1034502950:Ranni's Rise (Liurnia of the Lakes),1034502950:Liurnia of the Lakes - Ranni's Rise,,,,,,,
1034502951,Ranni's Chamber,Liurnia of the Lakes,Кімната Ранні,Озерна Ліурнія,1034502951:Ranni's Chamber (Liurnia of the Lakes),1034502951:Liurnia of the Lakes - Ranni's Chamber,,,,,,,
1035422950,Cathedral of Manus Celes,Moonlight Altar,Собор Мануса Селеса,Вівтар місячного сяйва,1035422950:Cathedral of Manus Celes (Moonlight Altar),1035422950:Moonlight Altar - Cathedral of Manus Celes,,,,,,,
1035432950,Folly on the Lake,Liurnia of the Lakes,Альтанка на озері,Озерна Ліурнія,1035432950:Folly on the Lake (Liurnia of the Lakes),1035432950:Liurnia of the Lakes - Folly on the Lake,,,,,,,
1035452950,South Raya Lucaria Gate,Liurnia of the Lakes,Південні ворота Рая-Лукарії,Озерна Ліурнія,1035452950:South Raya Lucaria Gate (Liurnia of the Lakes),1035452950:Liurnia of the Lakes - South Raya Lucaria Gate,,,,,,,
1035462950,Main Academy Gate,Liurnia of the Lakes,Головні ворота академії,Озерна Ліурнія,1035462950:Main Academy Gate (Liurnia of the Lakes),1035462950:Liurnia of the Lakes - Main Academy Gate,,,,,,,
1035472950,East Gate Bridge Trestle,Liurnia of the Lakes,Естакада східних воріт,Озерна Ліурнія,1035472950:East Gate Bridge Trestle (Liurnia of the Lakes),1035472950:Liurnia of the Lakes - East Gate Bridge Trestle,,,,,,,
1035502950,Manor Upper Level,Liurnia of the Lakes,Верхній ярус маєтку,Озерна Ліурнія,1035502950:Manor Upper Level (Liurnia of the Lakes),1035502950:Liurnia of the Lakes - Manor Upper Level,,,,,,,
1035502951,Manor Lower Level,Liurnia of the Lakes,Нижній ярус маєтку,Озерна Ліурнія,1035502951:Manor Lower Level (Liurnia of the Lakes),1035502951:Liurnia of the Lakes - Manor Lower Level,,,,,,,
1035502952,Royal Moongazing Grounds,Liurnia of the Lakes,Королівські місячні землі,Озерна Ліурнія,1035502952:Royal Moongazing Grounds (Liurnia of the Lakes),1035502952:Liurnia of the Lakes - Royal Moongazing Grounds,,,,,,,
1035502953,Main Caria Manor Gate,Liurnia of the Lakes,Головні ворота карійського маєтку,Озерна Ліурнія,1035502953:Main Caria Manor Gate (Liurnia of the Lakes),1035502953:Liurnia of the Lakes - Main Caria Manor Gate,,,,,,,
1035532950,Seethewater Terminus,Mt. Gelmir,Край гарячої річки,Гора Ґельмір,1035532950:Seethewater Terminus (Mt. Gelmir),1035532950:Mt. Gelmir - Seethewater Terminus,,,,,,,
1036412950,Slumbering Wolf Shack,Liurnia of the Lakes,Хатина сонливого вовка,Озерна Ліурнія,1036412950:Slumbering Wolf Shack (Liurnia of the Lakes),1036412950:Liurnia of the Lakes - Slumbering Wolf Shack,,,,,,,
1036432950,Boilprawn Shack,Liurnia of the Lakes,Хатина варених креветок,Озерна Ліурнія,1036432950:Boilprawn Shack (Liurnia of the Lakes),1036432950:Liurnia of the Lakes - Boilprawn Shack,,,,,,,
1036432951,Fallen Ruins of the Lake,Liurnia of the Lakes,Руїни на озері,Озерна Ліурнія,1036432951:Fallen Ruins of the Lake (Liurnia of the Lakes),1036432951:Liurnia of the Lakes - Fallen Ruins of the Lake,,,,,,,
1036452950,Gate Town North,Liurnia of the Lakes,Північ передмістя,Озерна Ліурнія,1036452950:Gate Town North (Liurnia of the Lakes),1036452950:Liurnia of the Lakes - Gate Town North,,,,,,,
1036482950,East Raya Lucaria Gate,Bellium Highway,Східні ворота Рая-Лукарії,Тракт Беллум,1036482950:East Raya Lucaria Gate (Bellium Highway),1036482950:Bellium Highway - East Raya Lucaria Gate,,,,,,,
1036492950,Bellum Church,Bellium Highway,Церква Беллум,Тракт Беллум,1036492950:Bellum Church (Bellium Highway),1036492950:Bellium Highway - Bellum Church,,,,,,,
1036492951,The Ravine,Liurnia of the Lakes,Яр,Озерна Ліурнія,1036492951:The Ravine (Liurnia of the Lakes),1036492951:Liurnia of the Lakes - The Ravine,,,,,,,
1036502950,Behind Caria Manor,Liurnia of the Lakes,Позаду карійського маєтку,Озерна Ліурнія,1036502950:Behind Caria Manor (Liurnia of the Lakes),1036502950:Liurnia of the Lakes - Behind Caria Manor,,,,,,,
1036522950,Craftsman's Shack,Mt. Gelmir,Хатина ремісника,Гора Ґельмір,1036522950:Craftsman's Shack (Mt. Gelmir),1036522950:Mt. Gelmir - Craftsman's Shack,,,,,,,
1036542951,Ninth Mt. Gelmir Campsite,Mt. Gelmir,Дев'ятий табір гори Ґельмір,Гора Ґельмір,1036542951:Ninth Mt. Gelmir Campsite (Mt. Gelmir),1036542951:Mt. Gelmir - Ninth Mt. Gelmir Campsite,,,,,,,
1036542952,Road of Iniquity,Mt. Gelmir,Дорога беззаконня,Гора Ґельмір,1036542952:Road of Iniquity (Mt. Gelmir),1036542952:Mt. Gelmir - Road of Iniquity,,,,,,,
1037422950,Scenic Isle,Liurnia of the Lakes,Мальовничий острів,Озерна Ліурнія,1037422950:Scenic Isle (Liurnia of the Lakes),1037422950:Liurnia of the Lakes - Scenic Isle,,,,,,,
1037442950,Academy Gate Town,Liurnia of the Lakes,Передмістя академії,Озерна Ліурнія,1037442950:Academy Gate Town (Liurnia of the Lakes),1037442950:Liurnia of the Lakes - Academy Gate Town,,,,,,,
1037462950,Church of Vows,Liurnia of the Lakes,Церква обітниць,Озерна Ліурнія,1037462950:Church of Vows (Liurnia of the Lakes),1037462950:Liurnia of the Lakes - Church of Vows,,,,,,,
1037482950,Mausoleum Compound,Liurnia of the Lakes,Територія мавзолею,Озерна Ліурнія,1037482950:Mausoleum Compound (Liurnia of the Lakes),1037482950:Liurnia of the Lakes - Mausoleum Compound,,,,,,,
1037492950,Church of Inhibition,Bellium Highway,Церква спокою,Тракт Беллум,1037492950:Church of Inhibition (Bellium Highway),1037492950:Bellium Highway - Church of Inhibition,,,,,,,
1037512950,Abandoned Coffin,Altus Plateau,Покинута труна,Плато Альтус,1037512950:Abandoned Coffin (Altus Plateau),1037512950:Altus Plateau - Abandoned Coffin,,,,,,,
1037522951,Seethewater River,Mt. Gelmir,Гаряча річка,Гора Ґельмір,1037522951:Seethewater River (Mt. Gelmir),1037522951:Mt. Gelmir - Seethewater River,,,,,,,
1037532950,Primeval Sorcerer Azur,Mt. Gelmir,Первісний чародій Азур,Гора Ґельмір,1037532950:Primeval Sorcerer Azur (Mt. Gelmir),1037532950:Mt. Gelmir - Primeval Sorcerer Azur,,,,,,,
1038402950,Liurnia Lake Shore,Liurnia of the Lakes,Берег озера Ліурнії,Озерна Ліурнія,1038402950:Liurnia Lake Shore (Liurnia of the Lakes),1038402950:Liurnia of the Lakes - Liurnia Lake Shore,,,,,,,
1038412950,Laskyar Ruins,Liurnia of the Lakes,Руїни Ласк'яр,Озерна Ліурнія,1038412950:Laskyar Ruins (Liurnia of the Lakes),1038412950:Liurnia of the Lakes - Laskyar Ruins,,,,,,,
1038432950,Gate Town Bridge,Liurnia of the Lakes,Міст передмістя,Озерна Ліурнія,1038432950:Gate Town Bridge (Liurnia of the Lakes),1038432950:Liurnia of the Lakes - Gate Town Bridge,,,,,,,
1038452950,Artist's Shack,Liurnia of the Lakes,Хатина митця,Озерна Ліурнія,1038452950:Artist's Shack (Liurnia of the Lakes),1038452950:Liurnia of the Lakes - Artist's Shack,,,,,,,
1038452951,Eastern Liurnia Lake Shore,Liurnia of the Lakes,Східний берег озера Ліурнії,Озерна Ліурнія,1038452951:Eastern Liurnia Lake Shore (Liurnia of the Lakes),1038452951:Liurnia of the Lakes - Eastern Liurnia Lake Shore,,,,,,,
1038462950,Eastern Tableland,Liurnia of the Lakes,Східне плоскогір'я,Озерна Ліурнія,1038462950:Eastern Tableland (Liurnia of the Lakes),1038462950:Liurnia of the Lakes - Eastern Tableland,,,,,,,
1038472950,Ruined Labyrinth,Liurnia of the Lakes,Зруйнований лабіринт,Озерна Ліурнія,1038472950:Ruined Labyrinth (Liurnia of the Lakes),1038472950:Liurnia of the Lakes - Ruined Labyrinth,,,,,,,
1038482950,Frenzied Flame Village Outskirts,Bellium Highway,Околиці селища Полум'я несамовитості,Тракт Беллум,1038482950:Frenzied Flame Village Outskirts (Bellium Highway),1038482950:Bellium Highway - Frenzied Flame Village Outskirts,,,,,,,
1038502950,Grand Lift of Dectus,Bellium Highway,Великий підйомник Дектуса,Тракт Беллум,1038502950:Grand Lift of Dectus (Bellium Highway),1038502950:Bellium Highway - Grand Lift of Dectus,,,,,,,
1038502951,Ravine-Veiled Village,Liurnia of the Lakes,Селище в яру,Озерна Ліурнія,1038502951:Ravine-Veiled Village (Liurnia of the Lakes),1038502951:Liurnia of the Lakes - Ravine-Veiled Village,,,,,,,
1038502952,Altus Plateau,Altus Plateau,Плато Альтус,Плато Альтус,1038502952:Altus Plateau (Altus Plateau),1038502952:Altus Plateau - Altus Plateau,,,,,,,
1038512950,Erdtree-Gazing Hill,Altus Plateau,Пагорб з краєвидом на Золоте дерево,Плато Альтус,1038512950:Erdtree-Gazing Hill (Altus Plateau),1038512950:Altus Plateau - Erdtree-Gazing Hill,,,,,,,
1038542950,First Mt. Gelmir Campsite,Mt. Gelmir,Перший табір гори Ґельмір,Гора Ґельмір,1038542950:First Mt. Gelmir Campsite (Mt. Gelmir),1038542950:Mt. Gelmir - First Mt. Gelmir Campsite,,,,,,,
1039402950,Lake-Facing Cliffs,Liurnia of the Lakes,Скелі з краєвидом на озеро,Озерна Ліурнія,1039402950:Lake-Facing Cliffs (Liurnia of the Lakes),1039402950:Liurnia of the Lakes - Lake-Facing Cliffs,,,,,,,
1039412950,Liurnia Highway South,Liurnia of the Lakes,Південний тракт Ліурнії,Озерна Ліурнія,1039412950:Liurnia Highway South (Liurnia of the Lakes),1039412950:Liurnia of the Lakes - Liurnia Highway South,,,,,,,
1039422950,Liurnia Highway North,Liurnia of the Lakes,Північний тракт Ліурнії,Озерна Ліурнія,1039422950:Liurnia Highway North (Liurnia of the Lakes),1039422950:Liurnia of the Lakes - Liurnia Highway North,,,,,,,
1039442950,Jarburg,Liurnia of the Lakes,Горщибург,Озерна Ліурнія,1039442950:Jarburg (Liurnia of the Lakes),1039442950:Liurnia of the Lakes - Jarburg,,,,,,,
1039512950,Altus Highway Junction,Altus Plateau,Перехрестя на тракті Альтуса,Плато Альтус,1039512950:Altus Highway Junction (Altus Plateau),1039512950:Altus Plateau - Altus Highway Junction,,,,,,,
1039532950,Bridge of Iniquity,Mt. Gelmir,Міст беззаконня,Гора Ґельмір,1039532950:Bridge of Iniquity (Mt. Gelmir),1039532950:Mt. Gelmir - Bridge of Iniquity,,,,,,,
1039542950,Shaded Castle Ramparts,Altus Plateau,Мур Тіньового замку,Плато Альтус,1039542950:Shaded Castle Ramparts (Altus Plateau),1039542950:Altus Plateau - Shaded Castle Ramparts,,,,,,,
1039542951,Shaded Castle Inner Gate,Altus Plateau,Внутрішні ворота Тіньового замку,Плато Альтус,1039542951:Shaded Castle Inner Gate (Altus Plateau),1039542951:Altus Plateau - Shaded Castle Inner Gate,,,,,,,
1039542952,Castellan's Hall,Altus Plateau,Зала управителя,Плато Альтус,1039542952:Castellan's Hall (Altus Plateau),1039542952:Altus Plateau - Castellan's Hall,,,,,,,
1040522950,Forest-Spanning Greatbridge,Altus Plateau,Великий міст над лісом,Плато Альтус,1040522950:Forest-Spanning Greatbridge (Altus Plateau),1040522950:Altus Plateau - Forest-Spanning Greatbridge,,,,,,,
1040532950,Bower of Bounty,Altus Plateau,Ліс достатку,Плато Альтус,1040532950:Bower of Bounty (Altus Plateau),1040532950:Altus Plateau - Bower of Bounty,,,,,,,
1040542950,Road of Iniquity Side Path,Altus Plateau,Стежка на узбіччі дороги беззакння,Плато Альтус,1040542950:Road of Iniquity Side Path (Altus Plateau),1040542950:Altus Plateau - Road of Iniquity Side Path,,,,,,,
1041322950,Isolated Merchant's Shack,Weeping Peninsula,Хатина торговця-самітника,Півострів плачу,1041322950:Isolated Merchant's Shack (Weeping Peninsula),1041322950:Weeping Peninsula - Isolated Merchant's Shack,,,,,,,
1041332950,Fourth Church of Marika,Weeping Peninsula,Четверта церква Маріки,Півострів плачу,1041332950:Fourth Church of Marika (Weeping Peninsula),1041332950:Weeping Peninsula - Fourth Church of Marika,,,,,,,
1041352950,Church of Dragon Communion,Limgrave,Церква Причастя дракона,Замогилля,1041352950:Church of Dragon Communion (Limgrave),1041352950:Limgrave - Church of Dragon Communion,,,,,,,
1041382950,Stormhill Shack,Stormhill,Хатина на Штормовому пагорбі,Штормовий пагорб,1041382950:Stormhill Shack (Stormhill),1041382950:Stormhill - Stormhill Shack,,,,,,,
1041522951,Rampartside Path,Altus Plateau,Стежка біля муру,Плато Альтус,1041522951:Rampartside Path (Altus Plateau),1041522951:Altus Plateau - Rampartside Path,,,,,,,
1041542950,Windmill Village,Altus Plateau,Вітрякове селище,Плато Альтус,1041542950:Windmill Village (Altus Plateau),1041542950:Altus Plateau - Windmill Village,,,,,,,
1042332950,Tombsward,Weeping Peninsula,Гробниці,Півострів плачу,1042332950:Tombsward (Weeping Peninsula),1042332950:Weeping Peninsula - Tombsward,,,,,,,
1042362950,Church of Elleh,Limgrave,Церква Елле,Замогилля,1042362950:Church of Elleh (Limgrave),1042362950:Limgrave - Church of Elleh,,,,,,,
1042362951,The First Step,Limgrave,Перший крок,Замогилля,1042362951:The First Step (Limgrave),1042362951:Limgrave - The First Step,,,,,,,
1042372950,Gatefront,Limgrave,Перед воротами,Замогилля,1042372950:Gatefront (Limgrave),1042372950:Limgrave - Gatefront,,,,,,,
1042382950,Warmaster's Shack,Stormhill,Хатина майстерного воїна,Штормовий пагорб,1042382950:Warmaster's Shack (Stormhill),1042382950:Stormhill - Warmaster's Shack,,,,,,,
1042512950,Outer Wall Phantom Tree,"Leyndell, Royal Capital",Фантомне дерево біля зовнішніх стін,Околиці столиці,"1042512950:Outer Wall Phantom Tree (Leyndell, Royal Capital)","1042512950:Leyndell, Royal Capital - Outer Wall Phantom Tree",,,,,,,
1042552950,Windmill Heights,Altus Plateau,Вітрякові пагорби,Плато Альтус,1042552950:Windmill Heights (Altus Plateau),1042552950:Altus Plateau - Windmill Heights,,,,,,,
1043302950,Morne Moangrave,Weeping Peninsula,Морнська могила стогону,Півострів плачу,1043302950:Morne Moangrave (Weeping Peninsula),1043302950:Weeping Peninsula - Morne Moangrave,,,,,,,
1043312950,Castle Morne Lift,Weeping Peninsula,Підйомник замку Морна,Півострів плачу,1043312950:Castle Morne Lift (Weeping Peninsula),1043312950:Weeping Peninsula - Castle Morne Lift,,,,,,,
1043312951,Behind The Castle,Weeping Peninsula,Позаду замку,Півострів плачу,1043312951:Behind The Castle (Weeping Peninsula),1043312951:Weeping Peninsula - Behind The Castle,,,,,,,
1043312952,Beside the Rampart Gaol,Weeping Peninsula,Поряд з мурами темниці,Півострів плачу,1043312952:Beside the Rampart Gaol (Weeping Peninsula),1043312952:Weeping Peninsula - Beside the Rampart Gaol,,,,,,,
1043342950,Church of Pilgrimage,Weeping Peninsula,Церква паломництва,Півострів плачу,1043342950:Church of Pilgrimage (Weeping Peninsula),1043342950:Weeping Peninsula - Church of Pilgrimage,,,,,,,
1043352950,Seaside Ruins,Limgrave,Приморські руїни,Замогилля,1043352950:Seaside Ruins (Limgrave),1043352950:Limgrave - Seaside Ruins,,,,,,,
1043372950,Agheel Lake North,Limgrave,Озеро Еґіла (північ),Замогилля,1043372950:Agheel Lake North (Limgrave),1043372950:Limgrave - Agheel Lake North,,,,,,,
1043382950,Murkwater Coast,Limgrave,Узбережжя каламутних вод,Замогилля,1043382950:Murkwater Coast (Limgrave),1043382950:Limgrave - Murkwater Coast,,,,,,,
1043392950,Saintsbridge,Stormhill,Міст святих,Штормовий пагорб,1043392950:Saintsbridge (Stormhill),1043392950:Stormhill - Saintsbridge,,,,,,,
1043502950,Minor Eerdtree Church,"Leyndell, Royal Capital",Церква малого Золотого дерева,Околиці столиці,"1043502950:Minor Eerdtree Church (Leyndell, Royal Capital)","1043502950:Leyndell, Royal Capital - Minor Eerdtree Church",,,,,,,
1043532950,Hermit Merchant's Shack,"Leyndell, Royal Capital",Хатина торговця-відлюдника,Околиці столиці,"1043532950:Hermit Merchant's Shack (Leyndell, Royal Capital)","1043532950:Leyndell, Royal Capital - Hermit Merchant's Shack",,,,,,,
1043532951,Outer Wall Battleground,"Leyndell, Royal Capital",Поле бою біля зовнішніх стін,Околиці столиці,"1043532951:Outer Wall Battleground (Leyndell, Royal Capital)","1043532951:Leyndell, Royal Capital - Outer Wall Battleground",,,,,,,
1044332950,Castle Morne Rampart,Weeping Peninsula,Мур замку Морна,Півострів плачу,1044332950:Castle Morne Rampart (Weeping Peninsula),1044332950:Weeping Peninsula - Castle Morne Rampart,,,,,,,
1044332951,South of the Lookout Tower,Weeping Peninsula,На південь від вартової вежі,Півострів плачу,1044332951:South of the Lookout Tower (Weeping Peninsula),1044332951:Weeping Peninsula - South of the Lookout Tower,,,,,,,
1044332952,Ailing Village Outskirts,Limgrave,Околиці кволого селища,Замогилля,1044332952:Ailing Village Outskirts (Limgrave),1044332952:Limgrave - Ailing Village Outskirts,,,,,,,
1044342950,Bridge of Sacrifice,Limgrave,Жертовний міст,Замогилля,1044342950:Bridge of Sacrifice (Limgrave),1044342950:Limgrave - Bridge of Sacrifice,,,,,,,
1044352950,Agheel Lake South,Limgrave,Озеро Еґіла (південь),Замогилля,1044352950:Agheel Lake South (Limgrave),1044352950:Limgrave - Agheel Lake South,,,,,,,
1044362950,Waypoint Ruins Cellar,Limgrave,Підвал подорожніх руїн,Замогилля,1044362950:Waypoint Ruins Cellar (Limgrave),1044362950:Limgrave - Waypoint Ruins Cellar,,,,,,,
1044372950,Mistwood Outskirts,Limgrave,Околиці Туманного лісу,Замогилля,1044372950:Mistwood Outskirts (Limgrave),1044372950:Limgrave - Mistwood Outskirts,,,,,,,
1044382950,Artist's Shack,Limgrave,Хатина митця,Замогилля,1044382950:Artist's Shack (Limgrave),1044382950:Limgrave - Artist's Shack,,,,,,,
1044392950,Summonwater Village Outskirts,Limgrave,Околиці селища біля вод виклику,Замогилля,1044392950:Summonwater Village Outskirts (Limgrave),1044392950:Limgrave - Summonwater Village Outskirts,,,,,,,
1045332950,Beside the Crater-Pocked Glade,Weeping Peninsula,Біля галявини з кратерами,Півострів плачу,1045332950:Beside the Crater-Pocked Glade (Weeping Peninsula),1045332950:Weeping Peninsula - Beside the Crater-Pocked Glade,,,,,,,
1045362950,Fort Haight West,Limgrave,Захід форту Гайта,Замогилля,1045362950:Fort Haight West (Limgrave),1045362950:Limgrave - Fort Haight West,,,,,,,
1045522950,Capital Rampart,"Leyndell, Royal Capital",Столичний мур,Околиці столиці,"1045522950:Capital Rampart (Leyndell, Royal Capital)","1045522950:Leyndell, Royal Capital - Capital Rampart",,,,,,,
1046382950,Third Church of Marika,Limgrave,Третя церква Маріки,Замогилля,1046382950:Third Church of Marika (Limgrave),1046382950:Limgrave - Third Church of Marika,,,,,,,
1046402950,Smoldering Church,Caelid,Спалена церква,Кейлід,1046402950:Smoldering Church (Caelid),1046402950:Caelid - Smoldering Church,,,,,,,
1046402951,Rotview Balcony,Caelid,Гнильний краєвид,Кейлід,1046402951:Rotview Balcony (Caelid),1046402951:Caelid - Rotview Balcony,,,,,,,
1047392950,Fort Gael North,Caelid,Північна частина форту Ґаель,Кейлід,1047392950:Fort Gael North (Caelid),1047392950:Caelid - Fort Gael North,,,,,,,
1047402950,Caelem Ruins,Caelid,Руїни Калема,Кейлід,1047402950:Caelem Ruins (Caelid),1047402950:Caelid - Caelem Ruins,,,,,,,
1047512950,Forbidden Lands,Forbidden Lands,Заборонені землі,Заборонені землі,1047512950:Forbidden Lands (Forbidden Lands),1047512950:Forbidden Lands - Forbidden Lands,,,,,,,
1047582950,Apostate Derelict,Consecrated Snowfield,Руїни відступників,Священна снігова долина,1047582950:Apostate Derelict (Consecrated Snowfield),1047582950:Consecrated Snowfield - Apostate Derelict,,,,,,,
1048362950,Cathedral of Dragon Communion,Caelid,Собор Причастя дракона,Кейлід,1048362950:Cathedral of Dragon Communion (Caelid),1048362950:Caelid - Cathedral of Dragon Communion,,,,,,,
1048372950,Caelid Highway South,Caelid,Південний тракт Кейліда,Кейлід,1048372950:Caelid Highway South (Caelid),1048372950:Caelid - Caelid Highway South,,,,,,,
1048382950,Aeonia Swamp Shore,Swamp of Aeonia,Берег болота Еонії,Болото Еонії,1048382950:Aeonia Swamp Shore (Swamp of Aeonia),1048382950:Swamp of Aeonia - Aeonia Swamp Shore,,,,,,,
1048382951,Astray from Caelid Highway North,Swamp of Aeonia,На узбіччі північного тракту Кейлід,Болото Еонії,1048382951:Astray from Caelid Highway North (Swamp of Aeonia),1048382951:Swamp of Aeonia - Astray from Caelid Highway North,,,,,,,
1048392950,Smoldering Wall,Caelid,Напівзотліла стіна,Кейлід,1048392950:Smoldering Wall (Caelid),1048392950:Caelid - Smoldering Wall,,,,,,,
1048402950,Deep Siofra Well,Caelid,Глибокий колодязь Сіофри,Кейлід,1048402950:Deep Siofra Well (Caelid),1048402950:Caelid - Deep Siofra Well,,,,,,,
1048402951,Dragonbarrow West,Greyoll's Dragonbarrow,Західна частина драконячого кургану,Драконячий курган Ґрейолли,1048402951:Dragonbarrow West (Greyoll's Dragonbarrow),1048402951:Greyoll's Dragonbarrow - Dragonbarrow West,,,,,,,
1048412950,Isolated Merchant's Shack,Caelid,Хатина торговця-самітника,Кейлід,1048412950:Isolated Merchant's Shack (Caelid),1048412950:Caelid - Isolated Merchant's Shack,,,,,,,
1048572950,"Ordina, Liturgical Town",Consecrated Snowfield,"Ордина, літургійне місто",Священна снігова долина,"1048572950:Ordina, Liturgical Town (Consecrated Snowfield)","1048572950:Consecrated Snowfield - Ordina, Liturgical Town",,,,,,,
1049372950,Southern Aeonia Swamp Bank,Caelid,Південний берег болота Еонії,Кейлід,1049372950:Southern Aeonia Swamp Bank (Caelid),1049372950:Caelid - Southern Aeonia Swamp Bank,,,,,,,
1049382950,Heart of Aeonia,Swamp of Aeonia,Серце Еонії,Болото Еонії,1049382950:Heart of Aeonia (Swamp of Aeonia),1049382950:Swamp of Aeonia - Heart of Aeonia,,,,,,,
1049382951,Inner Aeonia,Swamp of Aeonia,Внутрішня частина Еонії,Болото Еонії,1049382951:Inner Aeonia (Swamp of Aeonia),1049382951:Swamp of Aeonia - Inner Aeonia,,,,,,,
1049392950,Sellia Backstreets,Caelid,Закутки Селлії,Кейлід,1049392950:Sellia Backstreets (Caelid),1049392950:Caelid - Sellia Backstreets,,,,,,,
1049392951,Chair-Crypt of Sellia,Caelid,Трон Селлії,Кейлід,1049392951:Chair-Crypt of Sellia (Caelid),1049392951:Caelid - Chair-Crypt of Sellia,,,,,,,
1049392952,Sellia Under-Stair,Caelid,Сходи до Селлії,Кейлід,1049392952:Sellia Under-Stair (Caelid),1049392952:Caelid - Sellia Under-Stair,,,,,,,
1049532950,Zamor Ruins,Mountaintops of the Giants,Руїни Замора,Гірські вершини велетнів,1049532950:Zamor Ruins (Mountaintops of the Giants),1049532950:Mountaintops of the Giants - Zamor Ruins,,,,,,,
1049532951,Grand Lift of Rold,Forbidden Lands,Великий підйомник Рольда,Заборонені землі,1049532951:Grand Lift of Rold (Forbidden Lands),1049532951:Forbidden Lands - Grand Lift of Rold,,,,,,,
1049542950,Consecrated Snowfield,Consecrated Snowfield,Священна снігова долина,Священна снігова долина,1049542950:Consecrated Snowfield (Cosecrated Snowfield),1049542950:Cosecrated Snowfield - Consecrated Snowfield,,,,,,,
1049552950,Inner Consecrated Snowfield,Consecrated Snowfield,Внутрішня частина священної снігової долини,Священна снігова долина,1049552950:Inner Consecrated Snowfield (Consecrated Snowfield),1049552950:Consecrated Snowfield - Inner Consecrated Snowfield,,,,,,,
1050362950,Impassable Greatbridge,Caelid,Непрохідний великий міст,Кейлід,1050362950:Impassable Greatbridge (Caelid),1050362950:Caelid - Impassable Greatbridge,,,,,,,
1050382950,Church of the Plague,Caelid,Церква чуми,Кейлід,1050382950:Church of the Plague (Caelid),1050382950:Caelid - Church of the Plague,,,,,,,
1050402950,Dragonbarrow Fork,Greyoll's Dragonbarrow,Роздоріжжя драконячого кургану,Драконячий курган Ґрейолли,1050402950:Dragonbarrow Fork (Greyoll's Dragonbarrow),1050402950:Greyoll's Dragonbarrow - Dragonbarrow Fork,,,,,,,
1051362950,Redmane Castle Plaza,Caelid,Площа замку Рудогривого,Кейлід,1051362950:Redmane Castle Plaza (Caelid),1051362950:Caelid - Redmane Castle Plaza,,,,,,,
1051362951,Chamber Outside the Plaza,Caelid,Кімната перед площею,Кейлід,1051362951:Chamber Outside the Plaza (Caelid),1051362951:Caelid - Chamber Outside the Plaza,,,,,,,
1051392950,Fort Faroth,Greyoll's Dragonbarrow,Форт Фарот,Драконячий курган Ґрейолли,1051392950:Fort Faroth (Greyoll's Dragonbarrow),1051392950:Greyoll's Dragonbarrow - Fort Faroth,,,,,,,
1051432950,Bestial Sanctum,Greyoll's Dragonbarrow,Святилище звіра,Драконячий курган Ґрейолли,1051432950:Bestial Sanctum (Greyoll's Dragonbarrow),1051432950:Greyoll's Dragonbarrow - Bestial Sanctum,,,,,,,
1051532950,Church of Repose,Flame Peak,Церква перепочинку,Полум'яна вершина,1051532950:Church of Repose (Flame Peak),1051532950:Flame Peak - Church of Repose,,,,,,,
1051562950,Ancient Snow Valley Ruins,Mountaintops of the Giants,Прадавні руїни снігової долини,Гірські вершини велетнів,1051562950:Ancient Snow Valley Ruins (Mountaintops of the Giants),1051562950:Mountaintops of the Giants - Ancient Snow Valley Ruins,,,,,,,
1051572950,Snow Valley Ruins Overlook,Mountaintops of the Giants,Оглядове місце руїн снігової долини,Гірські вершини велетнів,1051572950:Snow Valley Ruins Overlook (Mountaintops of the Giants),1051572950:Mountaintops of the Giants - Snow Valley Ruins Overlook,,,,,,,
1051572951,Castle Sol Main Gate,Mountaintops of the Giants,Головні ворота замку Сол,Гірські вершини велетнів,1051572951:Castle Sol Main Gate (Mountaintops of the Giants),1051572951:Mountaintops of the Giants - Castle Sol Main Gate,,,,,,,
1051572952,Church of the Eclipse,Mountaintops of the Giants,Церква затемнення,Гірські вершини велетнів,1051572952:Church of the Eclipse (Mountaintops of the Giants),1051572952:Mountaintops of the Giants - Church of the Eclipse,,,,,,,
1051572953,Castle Sol Rooftop,Mountaintops of the Giants,Дах замку Сол,Гірські вершини велетнів,1051572953:Castle Sol Rooftop (Mountaintops of the Giants),1051572953:Mountaintops of the Giants - Castle Sol Rooftop,,,,,,,
1052382950,Starscourge Radahn,Caelid,Бич зірок Радан,Кейлід,1052382950:Starscourge Radahn (Caelid),1052382950:Caelid - Starscourge Radahn,,,,,,,
1052412950,Lenne's Rise,Greyoll's Dragonbarrow,Вежа Ленне,Драконячий курган Ґрейолли,1052412950:Lenne's Rise (Greyoll's Dragonbarrow),1052412950:Greyoll's Dragonbarrow - Lenne's Rise,,,,,,,
1052422950,Farum Greatbridge,Greyoll's Dragonbarrow,Великий міст Фарум,Драконячий курган Ґрейолли,1052422950:Farum Greatbridge (Greyoll's Dragonbarrow),1052422950:Greyoll's Dragonbarrow - Farum Greatbridge,,,,,,,
1052532950,Foot of the Forge,Flame Peak,Підніжжя кузні,Полум'яна вершина,1052532950:Foot of the Forge (Flame Peak),1052532950:Flame Peak - Foot of the Forge,,,,,,,
1052542950,Giant's Gravepost,Flame Peak,Могильник велетнів,Полум'яна вершина,1052542950:Giant's Gravepost (Flame Peak),1052542950:Flame Peak - Giant's Gravepost,,,,,,,
1052562950,Whiteridge Road,Mountaintops of the Giants,Дорога білого хребта,Гірські вершини велетнів,1052562950:Whiteridge Road (Mountaintops of the Giants),1052562950:Mountaintops of the Giants - Whiteridge Road,,,,,,,
1052572950,Freezing Lake,Mountaintops of the Giants,Замерзле озеро,Гірські вершини велетнів,1052572950:Freezing Lake (Mountaintops of the Giants),1052572950:Mountaintops of the Giants - Freezing Lake,,,,,,,
1053522950,Fire Giant,Flame Peak,Вогняний велет,Полум'яна вершина,1053522950:Fire Giant (Flame Peak),1053522950:Flame Peak - Fire Giant,,,,,,,
1054532950,Forge of the Giants,Flame Peak,Кузня велетнів,Полум'яна вершина,1054532950:Forge of the Giants (Flame Peak),1054532950:Flame Peak - Forge of the Giants,,,,,,,
1054552950,First Church of Marika,Mountaintops of the Giants,Перша церква Маріки,Гірські вершини велетнів,1054552950:First Church of Marika (Mountaintops of the Giants),1054552950:Mountaintops of the Giants - First Church of Marika,,,,,,,