ID,DESCRIPTION,説明 (日本語-japanese),描述 (中文-chinese),Описание (русский-russian),Beschreibung (deutsch-german),La description (français-french),Опис (українська-ukrainian),설명 (한국어-korean)
0,,,,,,,,
10,,,,,,,,
20,,,,,,,,
10000000,,,,,,,,
30000000,,,,,,,,
10201020,,,,,,,,
10210020,,,,,,,,
10250020,,,,,,,,
10300020,,,,,,,,
10301020,,,,,,,,
10302020,,,,,,,,
10306020,,,,,,,,
10306120,,,,,,,,
10307020,,,,,,,,
10308020,,,,,,,,
10315020,,,,,,,,
10320020,,,,,,,,
10320120,,,,,,,,
10330020,,,,,,,,
10332020,,,,,,,,
10335020,,,,,,,,
10336020,,,,,,,,
10336120,,,,,,,,
10337020,,,,,,,,
10337120,,,,,,,,
10340020,,,,,,,,
10345020,,,,,,,,
10345120,,,,,,,,
10346020,,,,,,,,
10347020,,,,,,,,
10347120,,,,,,,,
10350020,,,,,,,,
10351020,,,,,,,,
10355020,,,,,,,,
10360020,,,,,,,,
10361020,,,,,,,,
10362020,,,,,,,,
10365020,,,,,,,,
10366020,,,,,,,,
10366120,,,,,,,,
10366220,,,,,,,,
10366420,,,,,,,,
10366520,,,,,,,,
10366620,,,,,,,,
10370020,,,,,,,,
10370120,,,,,,,,
10370220,,,,,,,,
10370320,,,,,,,,
10370420,,,,,,,,
10375020,,,,,,,,
10380020,,,,,,,,
10381020,,,,,,,,
10385020,,,,,,,,
10386020,,,,,,,,
10390020,,,,,,,,
10390120,,,,,,,,
10395020,,,,,,,,
10397020,,,,,,,,
10405020,,,,,,,,
10410020,,,,,,,,
10410120,,,,,,,,
10412020,,,,,,,,
10430020,,,,,,,,
10431020,,,,,,,,
10431120,,,,,,,,
10431220,,,,,,,,
10431320,,,,,,,,
10431420,,,,,,,,
10431520,,,,,,,,
10431620,,,,,,,,
10432120,,,,,,,,
10435020,,,,,,,,
10435120,,,,,,,,
10435220,,,,,,,,
10435320,,,,,,,,
10435420,,,,,,,,
10435520,,,,,,,,
10435620,,,,,,,,
10435820,,,,,,,,
10437020,,,,,,,,
10437120,,,,,,,,
10437220,,,,,,,,
10437320,,,,,,,,
10437420,,,,,,,,
10437520,,,,,,,,
10437620,,,,,,,,
10437720,,,,,,,,
10438020,,,,,,,,
10438120,,,,,,,,
10438220,,,,,,,,
10438320,,,,,,,,
10438420,,,,,,,,
10438520,,,,,,,,
10482020,,,,,,,,
10700020,,,,,,,,
10910020,,,,,,,,
10905120,,,,,,,,
11201000,,,,,,,,
11210000,,,,,,,,
11214000,,,,,,,,
11250000,,,,,,,,
11300000,,,,,,,,
11301000,,,,,,,,
11302000,,,,,,,,
11306000,,,,,,,,
11306100,,,,,,,,
11307000,,,,,,,,
11308000,,,,,,,,
11315000,,,,,,,,
11317000,,,,,,,,
11320000,,,,,,,,
11320100,,,,,,,,
11330000,,,,,,,,
11335000,,,,,,,,
11336000,,,,,,,,
11336100,,,,,,,,
11340000,,,,,,,,
11345000,,,,,,,,
11345100,,,,,,,,
11347000,,,,,,,,
11347100,,,,,,,,
11350000,,,,,,,,
11351000,,,,,,,,
11355000,,,,,,,,
11361000,,,,,,,,
11362000,,,,,,,,
11365000,,,,,,,,
11366000,,,,,,,,
11366100,,,,,,,,
11366200,,,,,,,,
11366400,,,,,,,,
11366500,,,,,,,,
11366600,,,,,,,,
11370000,,,,,,,,
11370100,,,,,,,,
11370200,,,,,,,,
11370300,,,,,,,,
11370400,,,,,,,,
11375000,,,,,,,,
11380000,,,,,,,,
11381000,,,,,,,,
11385000,,,,,,,,
11386000,,,,,,,,
11390000,,,,,,,,
11390100,,,,,,,,
11395000,,,,,,,,
11397000,,,,,,,,
11400000,,,,,,,,
11405000,,,,,,,,
11410000,,,,,,,,
11410100,,,,,,,,
11430000,,,,,,,,
11431000,,,,,,,,
11431100,,,,,,,,
11431200,,,,,,,,
11431300,,,,,,,,
11431400,,,,,,,,
11431500,,,,,,,,
11431600,,,,,,,,
11432100,,,,,,,,
11435000,,,,,,,,
11435100,,,,,,,,
11435200,,,,,,,,
11435300,,,,,,,,
11435400,,,,,,,,
11435500,,,,,,,,
11435600,,,,,,,,
11435800,,,,,,,,
11437000,,,,,,,,
11437100,,,,,,,,
11437200,,,,,,,,
11437300,,,,,,,,
11437400,,,,,,,,
11437500,,,,,,,,
11437600,,,,,,,,
11437700,,,,,,,,
11438000,,,,,,,,
11438100,,,,,,,,
11438200,,,,,,,,
11438300,,,,,,,,
11438400,,,,,,,,
11438500,,,,,,,,
11446000,,,,,,,,
11482000,,,,,,,,
11700000,,,,,,,,
11905100,,,,,,,,
12210000,,,,,,,,
12214000,,,,,,,,
12300000,,,,,,,,
12301000,,,,,,,,
12302000,,,,,,,,
12320000,,,,,,,,
12320100,,,,,,,,
12330000,,,,,,,,
12335000,,,,,,,,
12340000,,,,,,,,
12345000,,,,,,,,
12350000,,,,,,,,
12355000,,,,,,,,
12360000,,,,,,,,
12366000,,,,,,,,
12381000,,,,,,,,
12390000,,,,,,,,
12405000,,,,,,,,
12430000,,,,,,,,
12431000,,,,,,,,
12458000,,,,,,,,
12905100,,,,,,,,
13201000,,,,,,,,
13210000,,,,,,,,
13212000,,,,,,,,
13213000,,,,,,,,
13214000,,,,,,,,
13219000,,,,,,,,
13250000,,,,,,,,
13300000,,,,,,,,
13301000,,,,,,,,
13302000,,,,,,,,
13305000,,,,,,,,
13306000,,,,,,,,
13306100,,,,,,,,
13307000,,,,,,,,
13308000,,,,,,,,
13310000,,,,,,,,
13315000,,,,,,,,
13317000,,,,,,,,
13320000,,,,,,,,
13320100,,,,,,,,
13330000,,,,,,,,
13332000,,,,,,,,
13335000,,,,,,,,
13336000,,,,,,,,
13336100,,,,,,,,
13337000,,,,,,,,
13337100,,,,,,,,
13340000,,,,,,,,
13345000,,,,,,,,
13345100,,,,,,,,
13346000,,,,,,,,
13347000,,,,,,,,
13347100,,,,,,,,
13350000,,,,,,,,
13351000,,,,,,,,
13355000,,,,,,,,
13356000,,,,,,,,
13357000,,,,,,,,
13360000,,,,,,,,
13361000,,,,,,,,
13362000,,,,,,,,
13365000,,,,,,,,
13366000,,,,,,,,
13366100,,,,,,,,
13366200,,,,,,,,
13366400,,,,,,,,
13366500,,,,,,,,
13366600,,,,,,,,
13370000,,,,,,,,
13370100,,,,,,,,
13370200,,,,,,,,
13370300,,,,,,,,
13370400,,,,,,,,
13375000,,,,,,,,
13380000,,,,,,,,
13381000,,,,,,,,
13385000,,,,,,,,
13386000,,,,,,,,
13390000,,,,,,,,
13390100,,,,,,,,
13395000,,,,,,,,
13397000,,,,,,,,
13405000,,,,,,,,
13410000,,,,,,,,
13410100,,,,,,,,
13412000,,,,,,,,
13426000,,,,,,,,
13429000,,,,,,,,
13430000,,,,,,,,
13431000,,,,,,,,
13431100,,,,,,,,
13431200,,,,,,,,
13431300,,,,,,,,
13431400,,,,,,,,
13431500,,,,,,,,
13431600,,,,,,,,
13432100,,,,,,,,
13434000,,,,,,,,
13435000,,,,,,,,
13435100,,,,,,,,
13435200,,,,,,,,
13435300,,,,,,,,
13435400,,,,,,,,
13435500,,,,,,,,
13435600,,,,,,,,
13435800,,,,,,,,
13437000,,,,,,,,
13437100,,,,,,,,
13437200,,,,,,,,
13437300,,,,,,,,
13437400,,,,,,,,
13437500,,,,,,,,
13437600,,,,,,,,
13437700,,,,,,,,
13438000,,,,,,,,
13438100,,,,,,,,
13438200,,,,,,,,
13438300,,,,,,,,
13438400,,,,,,,,
13438500,,,,,,,,
13457000,,,,,,,,
13469000,,,,,,,,
13482000,,,,,,,,
13700000,,,,,,,,
13710000,,,,,,,,
13910000,,,,,,,,
13905100,,,,,,,,
14201000,,,,,,,,
14201001,,,,,,,,
14203100,,,,,,,,
14203101,,,,,,,,
14210000,,,,,,,,
14210001,,,,,,,,
14211000,,,,,,,,
14212000,,,,,,,,
14212001,,,,,,,,
14213000,,,,,,,,
14213001,,,,,,,,
14214000,,,,,,,,
14214001,,,,,,,,
14219000,,,,,,,,
14219001,,,,,,,,
14220000,,,,,,,,
14227000,,,,,,,,
14227200,,,,,,,,
14227400,,,,,,,,
14227600,,,,,,,,
14250000,,,,,,,,
14250001,,,,,,,,
14300000,,,,,,,,
14300001,,,,,,,,
14301000,,,,,,,,
14301001,,,,,,,,
14302000,,,,,,,,
14302001,,,,,,,,
14305000,,,,,,,,
14305001,,,,,,,,
14306000,,,,,,,,
14306001,,,,,,,,
14306100,,,,,,,,
14306101,,,,,,,,
14307000,,,,,,,,
14307001,,,,,,,,
14308000,,,,,,,,
14308001,,,,,,,,
14310000,,,,,,,,
14310001,,,,,,,,
14315000,,,,,,,,
14315001,,,,,,,,
14317000,,,,,,,,
14317001,,,,,,,,
14318000,,,,,,,,
14318100,,,,,,,,
14320000,,,,,,,,
14320001,,,,,,,,
14320100,,,,,,,,
14320101,,,,,,,,
14330000,,,,,,,,
14330001,,,,,,,,
14332000,,,,,,,,
14335000,,,,,,,,
14335001,,,,,,,,
14336000,,,,,,,,
14336001,,,,,,,,
14336100,,,,,,,,
14336101,,,,,,,,
14337000,,,,,,,,
14337001,,,,,,,,
14337100,,,,,,,,
14337101,,,,,,,,
14340000,,,,,,,,
14340001,,,,,,,,
14345000,,,,,,,,
14345001,,,,,,,,
14345100,,,,,,,,
14345101,,,,,,,,
14346000,,,,,,,,
14346001,,,,,,,,
14347000,,,,,,,,
14347001,,,,,,,,
14347100,,,,,,,,
14347101,,,,,,,,
14350000,,,,,,,,
14350001,,,,,,,,
14351000,,,,,,,,
14351001,,,,,,,,
14355000,,,,,,,,
14355001,,,,,,,,
14356000,,,,,,,,
14356001,,,,,,,,
14357000,,,,,,,,
14357001,,,,,,,,
14360000,,,,,,,,
14360001,,,,,,,,
14361000,,,,,,,,
14361001,,,,,,,,
14362000,,,,,,,,
14362001,,,,,,,,
14363000,,,,,,,,
14365000,,,,,,,,
14365001,,,,,,,,
14366000,,,,,,,,
14366001,,,,,,,,
14366100,,,,,,,,
14366101,,,,,,,,
14366200,,,,,,,,
14366201,,,,,,,,
14366401,,,,,,,,
14366402,,,,,,,,
14366500,,,,,,,,
14366501,,,,,,,,
14366600,,,,,,,,
14366601,,,,,,,,
14367000,,,,,,,,
14367001,,,,,,,,
14370000,,,,,,,,
14370001,,,,,,,,
14370100,,,,,,,,
14370101,,,,,,,,
14370200,,,,,,,,
14370201,,,,,,,,
14370300,,,,,,,,
14370301,,,,,,,,
14370400,,,,,,,,
14370401,,,,,,,,
14375000,,,,,,,,
14375001,,,,,,,,
14380000,,,,,,,,
14380001,,,,,,,,
14381000,,,,,,,,
14381001,,,,,,,,
14385000,,,,,,,,
14385001,,,,,,,,
14386000,,,,,,,,
14386001,,,,,,,,
14390000,,,,,,,,
14390001,,,,,,,,
14390100,,,,,,,,
14390101,,,,,,,,
14391000,,,,,,,,
14391001,,,,,,,,
14395000,,,,,,,,
14395001,,,,,,,,
14397000,,,,,,,,
14397001,,,,,,,,
14400000,,,,,,,,
14400001,,,,,,,,
14402000,,,,,,,,
14405000,,,,,,,,
14405001,,,,,,,,
14409000,,,,,,,,
14410000,,,,,,,,
14410001,,,,,,,,
14410100,,,,,,,,
14410101,,,,,,,,
14412000,,,,,,,,
14412001,,,,,,,,
14413000,,,,,,,,
14422000,,,,,,,,
14424000,,,,,,,,
14426000,,,,,,,,
14427000,,,,,,,,
14428000,,,,,,,,
14428001,,,,,,,,
14428002,,,,,,,,
14429000,,,,,,,,
14430000,,,,,,,,
14430001,,,,,,,,
14431000,,,,,,,,
14431001,,,,,,,,
14431100,,,,,,,,
14431101,,,,,,,,
14431200,,,,,,,,
14431201,,,,,,,,
14431300,,,,,,,,
14431301,,,,,,,,
14431400,,,,,,,,
14431401,,,,,,,,
14431500,,,,,,,,
14431501,,,,,,,,
14431600,,,,,,,,
14431601,,,,,,,,
14432100,,,,,,,,
14321001,,,,,,,,
14434000,,,,,,,,
14434001,,,,,,,,
14435000,,,,,,,,
14435001,,,,,,,,
14435100,,,,,,,,
14435101,,,,,,,,
14435200,,,,,,,,
14435201,,,,,,,,
14435300,,,,,,,,
14435301,,,,,,,,
14435400,,,,,,,,
14435401,,,,,,,,
14435500,,,,,,,,
14435501,,,,,,,,
14435600,,,,,,,,
14435601,,,,,,,,
14435800,,,,,,,,
14435801,,,,,,,,
14437000,,,,,,,,
14437001,,,,,,,,
14437100,,,,,,,,
14437101,,,,,,,,
14437200,,,,,,,,
14437201,,,,,,,,
14437300,,,,,,,,
14437301,,,,,,,,
14437400,,,,,,,,
14437401,,,,,,,,
14437500,,,,,,,,
14437501,,,,,,,,
14437600,,,,,,,,
14437601,,,,,,,,
14437700,,,,,,,,
14437701,,,,,,,,
14438000,,,,,,,,
14438001,,,,,,,,
14438100,,,,,,,,
14438101,,,,,,,,
14438200,,,,,,,,
14438201,,,,,,,,
14438300,,,,,,,,
14438301,,,,,,,,
14438400,,,,,,,,
14438401,,,,,,,,
14438500,,,,,,,,
14438501,,,,,,,,
14442000,,,,,,,,
14442001,,,,,,,,
14440000,,,,,,,,
14444100,,,,,,,,
14444200,,,,,,,,
14446000,,,,,,,,
14448000,,,,,,,,
14450000,,,,,,,,
14450100,,,,,,,,
14450200,,,,,,,,
14450300,,,,,,,,
14451000,,,,,,,,
14452000,,,,,,,,
14455000,,,,,,,,
14456000,,,,,,,,
14456100,,,,,,,,
14457000,,,,,,,,
14457001,,,,,,,,
14458000,,,,,,,,
14460000,,,,,,,,
14460100,,,,,,,,
14460200,,,,,,,,
14460300,,,,,,,,
14460400,,,,,,,,
14462000,,,,,,,,
14463000,,,,,,,,
14464000,,,,,,,,
14465000,,,,,,,,
14466000,,,,,,,,
14466001,,,,,,,,
14467000,,,,,,,,
14468000,,,,,,,,
14469000,,,,,,,,
14472000,,,,,,,,
14472001,,,,,,,,
14472100,,,,,,,,
14472101,,,,,,,,
14473000,,,,,,,,
14475000,,,,,,,,
14475001,,,,,,,,
14476000,,,,,,,,
14477000,,,,,,,,
14480000,,,,,,,,
14480001,,,,,,,,
14481000,,,,,,,,
14482000,,,,,,,,
14482001,,,,,,,,
14491000,,,,,,,,
14498000,,,,,,,,
14700000,,,,,,,,
14700001,,,,,,,,
14710000,,,,,,,,
14710001,,,,,,,,
15446000,,,,,,,,
16315000,,,,,,,,
16315001,,,,,,,,
16315002,,,,,,,,
16315003,,,,,,,,
16315004,,,,,,,,
16315005,,,,,,,,
16315006,,,,,,,,
16315007,,,,,,,,
16317000,,,,,,,,
16317001,,,,,,,,
16317002,,,,,,,,
16317003,,,,,,,,
16317004,,,,,,,,
16317005,,,,,,,,
16317006,,,,,,,,
16317007,,,,,,,,
16320000,,,,,,,,
16320001,,,,,,,,
16320002,,,,,,,,
16320003,,,,,,,,
16320004,,,,,,,,
16320005,,,,,,,,
16320006,,,,,,,,
16320007,,,,,,,,
16330000,,,,,,,,
16330001,,,,,,,,
16330002,,,,,,,,
16330003,,,,,,,,
16330004,,,,,,,,
16330005,,,,,,,,
16330006,,,,,,,,
16330007,,,,,,,,
16395000,,,,,,,,
16395001,,,,,,,,
16395002,,,,,,,,
16395003,,,,,,,,
16395004,,,,,,,,
16395005,,,,,,,,
16395006,,,,,,,,
16395007,,,,,,,,
16400000,,,,,,,,
16400001,,,,,,,,
16400002,,,,,,,,
16400003,,,,,,,,
16400004,,,,,,,,
16400005,,,,,,,,
16400006,,,,,,,,
16400007,,,,,,,,
16405000,,,,,,,,
16405001,,,,,,,,
16405002,,,,,,,,
16405003,,,,,,,,
16405004,,,,,,,,
16405005,,,,,,,,
16405006,,,,,,,,
16405007,,,,,,,,
16435000,,,,,,,,
16435001,,,,,,,,
16435002,,,,,,,,
16435003,,,,,,,,
16435004,,,,,,,,
16435005,,,,,,,,
16435006,,,,,,,,
16435007,,,,,,,,
16435100,,,,,,,,
16435101,,,,,,,,
16435102,,,,,,,,
16435103,,,,,,,,
16435104,,,,,,,,
16435105,,,,,,,,
16435106,,,,,,,,
16435107,,,,,,,,
16435200,,,,,,,,
16435201,,,,,,,,
16435202,,,,,,,,
16435203,,,,,,,,
16435204,,,,,,,,
16435205,,,,,,,,
16435206,,,,,,,,
16435207,,,,,,,,
16435300,,,,,,,,
16435301,,,,,,,,
16435302,,,,,,,,
16435303,,,,,,,,
16435304,,,,,,,,
16435305,,,,,,,,
16435306,,,,,,,,
16435307,,,,,,,,
16435400,,,,,,,,
16435401,,,,,,,,
16435402,,,,,,,,
16435403,,,,,,,,
16435404,,,,,,,,
16435405,,,,,,,,
16435406,,,,,,,,
16435407,,,,,,,,
16435500,,,,,,,,
16435501,,,,,,,,
16435502,,,,,,,,
16435503,,,,,,,,
16435504,,,,,,,,
16435505,,,,,,,,
16435506,,,,,,,,
16435507,,,,,,,,
16435600,,,,,,,,
16435601,,,,,,,,
16435602,,,,,,,,
16435603,,,,,,,,
16435604,,,,,,,,
16435605,,,,,,,,
16435606,,,,,,,,
16435607,,,,,,,,
16435800,,,,,,,,
16435801,,,,,,,,
16435802,,,,,,,,
16435803,,,,,,,,
16435804,,,,,,,,
16435805,,,,,,,,
16435806,,,,,,,,
16435807,,,,,,,,
17227000,,,,,,,,
17227200,,,,,,,,
17227400,,,,,,,,
17227600,,,,,,,,
17300000,,,,,,,,
17300001,,,,,,,,
17300002,,,,,,,,
17300003,,,,,,,,
17300004,,,,,,,,
17300005,,,,,,,,
17300006,,,,,,,,
17300007,,,,,,,,
17302000,,,,,,,,
17302001,,,,,,,,
17302002,,,,,,,,
17302003,,,,,,,,
17302004,,,,,,,,
17302005,,,,,,,,
17302006,,,,,,,,
17302007,,,,,,,,
17307000,,,,,,,,
17307001,,,,,,,,
17307002,,,,,,,,
17307003,,,,,,,,
17307004,,,,,,,,
17307005,,,,,,,,
17307006,,,,,,,,
17307007,,,,,,,,
17317000,,,,,,,,
17317001,,,,,,,,
17317002,,,,,,,,
17317003,,,,,,,,
17317004,,,,,,,,
17317005,,,,,,,,
17317006,,,,,,,,
17317007,,,,,,,,
17318000,,,,,,,,
17318001,,,,,,,,
17318002,,,,,,,,
17318003,,,,,,,,
17318004,,,,,,,,
17318005,,,,,,,,
17318006,,,,,,,,
17318007,,,,,,,,
17318100,,,,,,,,
17336000,,,,,,,,
17336001,,,,,,,,
17336002,,,,,,,,
17336003,,,,,,,,
17336004,,,,,,,,
17336005,,,,,,,,
17336006,,,,,,,,
17336007,,,,,,,,
17336100,,,,,,,,
17336101,,,,,,,,
17336102,,,,,,,,
17336103,,,,,,,,
17336104,,,,,,,,
17336105,,,,,,,,
17336106,,,,,,,,
17336107,,,,,,,,
17345000,,,,,,,,
17345001,,,,,,,,
17345002,,,,,,,,
17345003,,,,,,,,
17345004,,,,,,,,
17345005,,,,,,,,
17345006,,,,,,,,
17345007,,,,,,,,
17345100,,,,,,,,
17345101,,,,,,,,
17345102,,,,,,,,
17345103,,,,,,,,
17345104,,,,,,,,
17345105,,,,,,,,
17345106,,,,,,,,
17345107,,,,,,,,
17347000,,,,,,,,
17347001,,,,,,,,
17347002,,,,,,,,
17347003,,,,,,,,
17347004,,,,,,,,
17347005,,,,,,,,
17347006,,,,,,,,
17347007,,,,,,,,
17347100,,,,,,,,
17347101,,,,,,,,
17347102,,,,,,,,
17347103,,,,,,,,
17347104,,,,,,,,
17347105,,,,,,,,
17347106,,,,,,,,
17347107,,,,,,,,
17356000,,,,,,,,
17357000,,,,,,,,
17361000,,,,,,,,
17362000,,,,,,,,
17363000,,,,,,,,
17365000,,,,,,,,
17365001,,,,,,,,
17365002,,,,,,,,
17365003,,,,,,,,
17365004,,,,,,,,
17365005,,,,,,,,
17365006,,,,,,,,
17365007,,,,,,,,
17366000,,,,,,,,
17366001,,,,,,,,
17366002,,,,,,,,
17366003,,,,,,,,
17366004,,,,,,,,
17366005,,,,,,,,
17366006,,,,,,,,
17366007,,,,,,,,
17366100,,,,,,,,
17366101,,,,,,,,
17366102,,,,,,,,
17366103,,,,,,,,
17366104,,,,,,,,
17366105,,,,,,,,
17366106,,,,,,,,
17366107,,,,,,,,
17366200,,,,,,,,
17366201,,,,,,,,
17366202,,,,,,,,
17366203,,,,,,,,
17366204,,,,,,,,
17366205,,,,,,,,
17366206,,,,,,,,
17366207,,,,,,,,
17366500,,,,,,,,
17366501,,,,,,,,
17366502,,,,,,,,
17366503,,,,,,,,
17366504,,,,,,,,
17366505,,,,,,,,
17366506,,,,,,,,
17366507,,,,,,,,
17366600,,,,,,,,
17366601,,,,,,,,
17366602,,,,,,,,
17366603,,,,,,,,
17366604,,,,,,,,
17366605,,,,,,,,
17366606,,,,,,,,
17366607,,,,,,,,
17367000,,,,,,,,
17367001,,,,,,,,
17367002,,,,,,,,
17367003,,,,,,,,
17367004,,,,,,,,
17367005,,,,,,,,
17367006,,,,,,,,
17367007,,,,,,,,
17370400,,,,,,,,
17370401,,,,,,,,
17370402,,,,,,,,
17370403,,,,,,,,
17370404,,,,,,,,
17370405,,,,,,,,
17370406,,,,,,,,
17370407,,,,,,,,
17375000,,,,,,,,
17375001,,,,,,,,
17375002,,,,,,,,
17375003,,,,,,,,
17375004,,,,,,,,
17375005,,,,,,,,
17375006,,,,,,,,
17375007,,,,,,,,
17381000,,,,,,,,
17381001,,,,,,,,
17381002,,,,,,,,
17381003,,,,,,,,
17381004,,,,,,,,
17381005,,,,,,,,
17381006,,,,,,,,
17381007,,,,,,,,
17395000,,,,,,,,
17395001,,,,,,,,
17395002,,,,,,,,
17395003,,,,,,,,
17395004,,,,,,,,
17395005,,,,,,,,
17395006,,,,,,,,
17395007,,,,,,,,
17397000,,,,,,,,
17397001,,,,,,,,
17397002,,,,,,,,
17397003,,,,,,,,
17397004,,,,,,,,
17397005,,,,,,,,
17397006,,,,,,,,
17397007,,,,,,,,
17409000,,,,,,,,
17410000,,,,,,,,
17410001,,,,,,,,
17410002,,,,,,,,
17410003,,,,,,,,
17410004,,,,,,,,
17410005,,,,,,,,
17410006,,,,,,,,
17410007,,,,,,,,
17410100,,,,,,,,
17410101,,,,,,,,
17410102,,,,,,,,
17410103,,,,,,,,
17410104,,,,,,,,
17410105,,,,,,,,
17410106,,,,,,,,
17410107,,,,,,,,
17412000,,,,,,,,
17412001,,,,,,,,
17412002,,,,,,,,
17412003,,,,,,,,
17412004,,,,,,,,
17412005,,,,,,,,
17412006,,,,,,,,
17412007,,,,,,,,
17413000,,,,,,,,
17422000,,,,,,,,
17428000,,,,,,,,
17428002,,,,,,,,
17428003,,,,,,,,
17430000,,,,,,,,
17430001,,,,,,,,
17430002,,,,,,,,
17430003,,,,,,,,
17430004,,,,,,,,
17430005,,,,,,,,
17430006,,,,,,,,
17430007,,,,,,,,
17431000,,,,,,,,
17431001,,,,,,,,
17431002,,,,,,,,
17431003,,,,,,,,
17431004,,,,,,,,
17431005,,,,,,,,
17431006,,,,,,,,
17431007,,,,,,,,
17431100,,,,,,,,
17431101,,,,,,,,
17431102,,,,,,,,
17431103,,,,,,,,
17431104,,,,,,,,
17431105,,,,,,,,
17431106,,,,,,,,
17431107,,,,,,,,
17431200,,,,,,,,
17431201,,,,,,,,
17431202,,,,,,,,
17431203,,,,,,,,
17431204,,,,,,,,
17431205,,,,,,,,
17431206,,,,,,,,
17431207,,,,,,,,
17431300,,,,,,,,
17431301,,,,,,,,
17431302,,,,,,,,
17431303,,,,,,,,
17431304,,,,,,,,
17431305,,,,,,,,
17431306,,,,,,,,
17431307,,,,,,,,
17431400,,,,,,,,
17431401,,,,,,,,
17431402,,,,,,,,
17431403,,,,,,,,
17431404,,,,,,,,
17431405,,,,,,,,
17431406,,,,,,,,
17431407,,,,,,,,
17431500,,,,,,,,
17431501,,,,,,,,
17431502,,,,,,,,
17431503,,,,,,,,
17431504,,,,,,,,
17431505,,,,,,,,
17431506,,,,,,,,
17431507,,,,,,,,
17431600,,,,,,,,
17431601,,,,,,,,
17431602,,,,,,,,
17431603,,,,,,,,
17431604,,,,,,,,
17431605,,,,,,,,
17431606,,,,,,,,
17431607,,,,,,,,
17432100,,,,,,,,
17432101,,,,,,,,
17432102,,,,,,,,
17432103,,,,,,,,
17432104,,,,,,,,
17432105,,,,,,,,
17432106,,,,,,,,
17432107,,,,,,,,
17434000,,,,,,,,
17434001,,,,,,,,
17434002,,,,,,,,
17434003,,,,,,,,
17434004,,,,,,,,
17434006,,,,,,,,
17434007,,,,,,,,
17437000,,,,,,,,
17437001,,,,,,,,
17437002,,,,,,,,
17437003,,,,,,,,
17437004,,,,,,,,
17437005,,,,,,,,
17437006,,,,,,,,
17437007,,,,,,,,
17437100,,,,,,,,
17437101,,,,,,,,
17437102,,,,,,,,
17437103,,,,,,,,
17437104,,,,,,,,
17437105,,,,,,,,
17437106,,,,,,,,
17437107,,,,,,,,
17437200,,,,,,,,
17437201,,,,,,,,
17437202,,,,,,,,
17437203,,,,,,,,
17437204,,,,,,,,
17437205,,,,,,,,
17437206,,,,,,,,
17437207,,,,,,,,
17437300,,,,,,,,
17437301,,,,,,,,
17437302,,,,,,,,
17437303,,,,,,,,
17437304,,,,,,,,
17437305,,,,,,,,
17437306,,,,,,,,
17437307,,,,,,,,
17437400,,,,,,,,
17437401,,,,,,,,
17437402,,,,,,,,
17437403,,,,,,,,
17437404,,,,,,,,
17437405,,,,,,,,
17437406,,,,,,,,
17437407,,,,,,,,
17437500,,,,,,,,
17437501,,,,,,,,
17437502,,,,,,,,
17437503,,,,,,,,
17437504,,,,,,,,
17437505,,,,,,,,
17437506,,,,,,,,
17437507,,,,,,,,
17437600,,,,,,,,
17437601,,,,,,,,
17437602,,,,,,,,
17437603,,,,,,,,
17437604,,,,,,,,
17437605,,,,,,,,
17437606,,,,,,,,
17437607,,,,,,,,
17437700,,,,,,,,
17437701,,,,,,,,
17437702,,,,,,,,
17437703,,,,,,,,
17437704,,,,,,,,
17437705,,,,,,,,
17437706,,,,,,,,
17437707,,,,,,,,
17438000,,,,,,,,
17438001,,,,,,,,
17438002,,,,,,,,
17438003,,,,,,,,
17438004,,,,,,,,
17438005,,,,,,,,
17438006,,,,,,,,
17438007,,,,,,,,
17438100,,,,,,,,
17438101,,,,,,,,
17438102,,,,,,,,
17438103,,,,,,,,
17438104,,,,,,,,
17438105,,,,,,,,
17438106,,,,,,,,
17438107,,,,,,,,
17438200,,,,,,,,
17438201,,,,,,,,
17438202,,,,,,,,
17438203,,,,,,,,
17438204,,,,,,,,
17438205,,,,,,,,
17438206,,,,,,,,
17438207,,,,,,,,
17438300,,,,,,,,
17438301,,,,,,,,
17438302,,,,,,,,
17438303,,,,,,,,
17438304,,,,,,,,
17438305,,,,,,,,
17438306,,,,,,,,
17438307,,,,,,,,
17438400,,,,,,,,
17438401,,,,,,,,
17438402,,,,,,,,
17438403,,,,,,,,
17438404,,,,,,,,
17438405,,,,,,,,
17438406,,,,,,,,
17438407,,,,,,,,
17438500,,,,,,,,
17438501,,,,,,,,
17438502,,,,,,,,
17438503,,,,,,,,
17438504,,,,,,,,
17438505,,,,,,,,
17438506,,,,,,,,
17438507,,,,,,,,
17442000,,,,,,,,
17446000,,,,,,,,
17448000,,,,,,,,
17450000,,,,,,,,
17450100,,,,,,,,
17450200,,,,,,,,
17450300,,,,,,,,
17455000,,,,,,,,
17456000,,,,,,,,
17456100,,,,,,,,
17460000,,,,,,,,
17460100,,,,,,,,
17460200,,,,,,,,
17460300,,,,,,,,
17460400,,,,,,,,
17463000,,,,,,,,
17700000,,,,,,,,
17700001,,,,,,,,
17700002,,,,,,,,
17700003,,,,,,,,
17700004,,,,,,,,
17700005,,,,,,,,
17700006,,,,,,,,
17700007,,,,,,,,
17700100,,,,,,,,
17700101,,,,,,,,
17700102,,,,,,,,
17700103,,,,,,,,
17700104,,,,,,,,
17700105,,,,,,,,
17700106,,,,,,,,
17700107,,,,,,,,
20428000,,,,,,,,
31355000,,,,,,,,
31366000,,,,,,,,
33301000,,,,,,,,
33355000,,,,,,,,
34201000,,,,,,,,
34201010,,,,,,,,
34210000,,,,,,,,
34210010,,,,,,,,
34212000,,,,,,,,
34213000,,,,,,,,
34214000,,,,,,,,
34219000,,,,,,,,
34220000,,,,,,,,
34227000,,,,,,,,
34250000,,,,,,,,
34307000,,,,,,,,
34308000,,,,,,,,
34310000,,,,,,,,
34332000,,,,,,,,
34340000,,,,,,,,
34340010,,,,,,,,
34345000,,,,,,,,
34360000,,,,,,,,
34365000,,,,,,,,
34366100,,,,,,,,
34366110,,,,,,,,
34366120,,,,,,,,
34366130,,,,,,,,
34366140,,,,,,,,
34366200,,,,,,,,
34366210,,,,,,,,
34366220,,,,,,,,
34366230,,,,,,,,
34366240,,,,,,,,
34366400,,,,,,,,
34367000,,,,,,,,
34370000,,,,,,,,
34375000,,,,,,,,
34380000,,,,,,,,
34395000,,,,,,,,
34395010,,,,,,,,
34402000,,,,,,,,
34411000,,,,,,,,
34413000,,,,,,,,
34414000,,,,,,,,
34417000,,,,,,,,
34420000,,,,,,,,
34420100,,,,,,,,
34422000,,,,,,,,
34424000,,,,,,,,
34424010,,,,,,,,
34428000,,,,,,,,
34432100,,,,,,,,
34442000,,,,,,,,
34447000,,,,,,,,
34456000,,,,,,,,
34456100,,,,,,,,
34458000,,,,,,,,
34462000,,,,,,,,
34462010,,,,,,,,
34462020,,,,,,,,
34463000,,,,,,,,
34464000,,,,,,,,
34464010,,,,,,,,
34468000,,,,,,,,
34468010,,,,,,,,
34471000,,,,,,,,
34472100,,,,,,,,
34472110,,,,,,,,
34472120,,,,,,,,
34475000,,,,,,,,
34498000,,,,,,,,
36210000,,,,,,,,
36210001,,,,,,,,
36210002,,,,,,,,
36210003,,,,,,,,
36210004,,,,,,,,
36210005,,,,,,,,
36210006,,,,,,,,
36210007,,,,,,,,
36330000,,,,,,,,
36330001,,,,,,,,
36330002,,,,,,,,
36330003,,,,,,,,
36330004,,,,,,,,
36330005,,,,,,,,
36330006,,,,,,,,
36330007,,,,,,,,
36370300,,,,,,,,
36370301,,,,,,,,
36370302,,,,,,,,
36370303,,,,,,,,
36370304,,,,,,,,
36370305,,,,,,,,
36370306,,,,,,,,
36370307,,,,,,,,
36405000,,,,,,,,
36405001,,,,,,,,
36405002,,,,,,,,
36405003,,,,,,,,
36405004,,,,,,,,
36405005,,,,,,,,
36405006,,,,,,,,
36405007,,,,,,,,
36434000,,,,,,,,
36434001,,,,,,,,
36434002,,,,,,,,
36434003,,,,,,,,
36434004,,,,,,,,
36434005,,,,,,,,
36434006,,,,,,,,
36434007,,,,,,,,